Indicator,S.No.,Parameters,Type,SubDistrict - _Anugul - Total [(A+B) or (C+D)],SubDistrict - _Anugul - Public [A],SubDistrict - _Anugul - Private [B],SubDistrict - _Anugul - Urban [C],SubDistrict - _Anugul - Rural [D],SubDistrict - Angul - Total [(A+B) or (C+D)],SubDistrict - Angul - Public [A],SubDistrict - Angul - Private [B],SubDistrict - Angul - Urban [C],SubDistrict - Angul - Rural [D],SubDistrict - Athamallik - Total [(A+B) or (C+D)],SubDistrict - Athamallik - Public [A],SubDistrict - Athamallik - Private [B],SubDistrict - Athamallik - Urban [C],SubDistrict - Athamallik - Rural [D],SubDistrict - Banarapal - Total [(A+B) or (C+D)],SubDistrict - Banarapal - Public [A],SubDistrict - Banarapal - Private [B],SubDistrict - Banarapal - Urban [C],SubDistrict - Banarapal - Rural [D],SubDistrict - Chhendipada - Total [(A+B) or (C+D)],SubDistrict - Chhendipada - Public [A],SubDistrict - Chhendipada - Private [B],SubDistrict - Chhendipada - Urban [C],SubDistrict - Chhendipada - Rural [D],SubDistrict - Dist Level Facility - Total [(A+B) or (C+D)],SubDistrict - Dist Level Facility - Public [A],SubDistrict - Dist Level Facility - Private [B],SubDistrict - Dist Level Facility - Urban [C],SubDistrict - Dist Level Facility - Rural [D],SubDistrict - Kaniha - Total [(A+B) or (C+D)],SubDistrict - Kaniha - Public [A],SubDistrict - Kaniha - Private [B],SubDistrict - Kaniha - Urban [C],SubDistrict - Kaniha - Rural [D],SubDistrict - Pallahara - Total [(A+B) or (C+D)],SubDistrict - Pallahara - Public [A],SubDistrict - Pallahara - Private [B],SubDistrict - Pallahara - Urban [C],SubDistrict - Pallahara - Rural [D],SubDistrict - Rajkishore Nagar - Total [(A+B) or (C+D)],SubDistrict - Rajkishore Nagar - Public [A],SubDistrict - Rajkishore Nagar - Private [B],SubDistrict - Rajkishore Nagar - Urban [C],SubDistrict - Rajkishore Nagar - Rural [D],SubDistrict - Talcher - Total [(A+B) or (C+D)],SubDistrict - Talcher - Public [A],SubDistrict - Talcher - Private [B],SubDistrict - Talcher - Urban [C],SubDistrict - Talcher - Rural [D]
M1 [Ante Natal Care (ANC)],1.1,Total number of pregnant women registered for ANC,TOTAL,10570,10570,NA,NA,10570,1554,1554,NA,NA,1554,1091,1091,NA,NA,1091,1553,1553,NA,NA,1553,1317,1317,NA,NA,1317,798,798,NA,NA,798,1146,1146,NA,NA,1146,1173,1173,NA,NA,1173,929,929,NA,NA,929,1009,1009,NA,NA,1009
M1 [Ante Natal Care (ANC)],1.1.1,"Out of the total ANC registered, number registered within 1st trimester (within 12 weeks)",TOTAL,8780,8780,NA,NA,8780,1373,1373,NA,NA,1373,967,967,NA,NA,967,1438,1438,NA,NA,1438,1168,1168,NA,NA,1168,226,226,NA,NA,226,1005,1005,NA,NA,1005,987,987,NA,NA,987,772,772,NA,NA,772,844,844,NA,NA,844
M1 [Ante Natal Care (ANC)],1.2.1,Number of PW given TT1,TOTAL,9822,9822,NA,NA,9822,1417,1417,NA,NA,1417,962,962,NA,NA,962,1545,1545,NA,NA,1545,1239,1239,NA,NA,1239,734,734,NA,NA,734,1109,1109,NA,NA,1109,1039,1039,NA,NA,1039,797,797,NA,NA,797,980,980,NA,NA,980
M1 [Ante Natal Care (ANC)],1.2.2,Number of PW given TT2,TOTAL,9559,9559,NA,NA,9559,1337,1337,NA,NA,1337,899,899,NA,NA,899,1555,1555,NA,NA,1555,1154,1154,NA,NA,1154,827,827,NA,NA,827,1103,1103,NA,NA,1103,968,968,NA,NA,968,742,742,NA,NA,742,974,974,NA,NA,974
M1 [Ante Natal Care (ANC)],1.2.3,Number of PW given TT Booster,TOTAL,595,595,NA,NA,595,132,132,NA,NA,132,101,101,NA,NA,101,3,3,NA,NA,3,51,51,NA,NA,51,47,47,NA,NA,47,36,36,NA,NA,36,106,106,NA,NA,106,106,106,NA,NA,106,13,13,NA,NA,13
M1 [Ante Natal Care (ANC)],1.2.4,Number of PW given 180 Iron Folic Acid (IFA) tablets,TOTAL,7841,7841,NA,NA,7841,1175,1175,NA,NA,1175,775,775,NA,NA,775,1021,1021,NA,NA,1021,1023,1023,NA,NA,1023,559,559,NA,NA,559,939,939,NA,NA,939,888,888,NA,NA,888,566,566,NA,NA,566,895,895,NA,NA,895
M1 [Ante Natal Care (ANC)],1.2.5,Number of PW given 360 Calcium tablets,TOTAL,3396,3396,NA,NA,3396,738,738,NA,NA,738,216,216,NA,NA,216,291,291,NA,NA,291,NA,NA,NA,NA,NA,407,407,NA,NA,407,234,234,NA,NA,234,595,595,NA,NA,595,447,447,NA,NA,447,468,468,NA,NA,468
M1 [Ante Natal Care (ANC)],1.2.6,Number of PW given one Albendazole tablet after 1st trimester,TOTAL,6739,6739,NA,NA,6739,1123,1123,NA,NA,1123,972,972,NA,NA,972,1148,1148,NA,NA,1148,186,186,NA,NA,186,216,216,NA,NA,216,694,694,NA,NA,694,779,779,NA,NA,779,731,731,NA,NA,731,890,890,NA,NA,890
M1 [Ante Natal Care (ANC)],1.2.7,Number of PW received 4 or more ANC check ups,TOTAL,7926,7926,NA,NA,7926,1144,1144,NA,NA,1144,790,790,NA,NA,790,1202,1202,NA,NA,1202,1071,1071,NA,NA,1071,535,535,NA,NA,535,928,928,NA,NA,928,892,892,NA,NA,892,469,469,NA,NA,469,895,895,NA,NA,895
M1 [Ante Natal Care (ANC)],1.2.8,Number of PW given ANC Corticosteroids in Pre Term Labour,TOTAL,5,5,NA,NA,5,0,0,NA,NA,0,NA,NA,NA,NA,NA,0,0,NA,NA,0,5,5,NA,NA,5,NA,NA,NA,NA,NA,0,0,NA,NA,0,NA,NA,NA,NA,NA,NA,NA,NA,NA,NA,NA,NA,NA,NA,NA
M1 [Ante Natal Care (ANC)],1.3.1,New cases of PW with hypertension detected,TOTAL,94,94,NA,NA,94,13,13,NA,NA,13,5,5,NA,NA,5,26,26,NA,NA,26,NA,NA,NA,NA,NA,32,32,NA,NA,32,0,0,NA,NA,0,1,1,NA,NA,1,14,14,NA,NA,14,3,3,NA,NA,3
M1 [Ante Natal Care (ANC)],1.3.1.a,"Out of the new cases of PW with hypertension detected, cases managed at institution",TOTAL,66,66,NA,NA,66,1,1,NA,NA,1,1,1,NA,NA,1,21,21,NA,NA,21,NA,NA,NA,NA,NA,32,32,NA,NA,32,0,0,NA,NA,0,1,1,NA,NA,1,8,8,NA,NA,8,2,2,NA,NA,2
M1 [Ante Natal Care (ANC)],1.3.2,Number of Eclampsia cases managed during delivery,TOTAL,12,12,NA,NA,12,0,0,NA,NA,0,NA,NA,NA,NA,NA,NA,NA,NA,NA,NA,NA,NA,NA,NA,NA,10,10,NA,NA,10,NA,NA,NA,NA,NA,2,2,NA,NA,2,NA,NA,NA,NA,NA,NA,NA,NA,NA,NA
M1 [Ante Natal Care (ANC)],1.4.1,Number of PW tested for Haemoglobin (Hb ) 4 or more than 4 times for respective ANCs,TOTAL,7709,7709,NA,NA,7709,1085,1085,NA,NA,1085,777,777,NA,NA,777,1189,1189,NA,NA,1189,1056,1056,NA,NA,1056,475,475,NA,NA,475,878,878,NA,NA,878,890,890,NA,NA,890,464,464,NA,NA,464,895,895,NA,NA,895
M1 [Ante Natal Care (ANC)],1.4.2,Number of PW having Hb level<11 (tested cases)(7.1 to 10.9),TOTAL,4692,4692,NA,NA,4692,476,476,NA,NA,476,699,699,NA,NA,699,644,644,NA,NA,644,412,412,NA,NA,412,534,534,NA,NA,534,268,268,NA,NA,268,820,820,NA,NA,820,376,376,NA,NA,376,463,463,NA,NA,463
M1 [Ante Natal Care (ANC)],1.4.3,Number of PW having Hb level<7 (tested cases),TOTAL,18,18,NA,NA,18,0,0,NA,NA,0,8,8,NA,NA,8,3,3,NA,NA,3,1,1,NA,NA,1,3,3,NA,NA,3,0,0,NA,NA,0,NA,NA,NA,NA,NA,NA,NA,NA,NA,NA,3,3,NA,NA,3
M1 [Ante Natal Care (ANC)],1.4.4,Number of PW having severe anaemia (Hb<7) treated,TOTAL,3,3,NA,NA,3,0,0,NA,NA,0,NA,NA,NA,NA,NA,NA,NA,NA,NA,NA,NA,NA,NA,NA,NA,3,3,NA,NA,3,NA,NA,NA,NA,NA,NA,NA,NA,NA,NA,NA,NA,NA,NA,NA,NA,NA,NA,NA,NA
M1 [Ante Natal Care (ANC)],1.5.1,Number of PW tested for blood sugar using OGTT (Oral Glucose Tolerance Test),TOTAL,430,430,NA,NA,430,0,0,NA,NA,0,4,4,NA,NA,4,NA,NA,NA,NA,NA,62,62,NA,NA,62,NA,NA,NA,NA,NA,NA,NA,NA,NA,NA,364,364,NA,NA,364,NA,NA,NA,NA,NA,NA,NA,NA,NA,NA
M1 [Ante Natal Care (ANC)],1.5.2,Number of PW tested positive for GDM,TOTAL,0,0,NA,NA,0,0,0,NA,NA,0,NA,NA,NA,NA,NA,NA,NA,NA,NA,NA,NA,NA,NA,NA,NA,NA,NA,NA,NA,NA,NA,NA,NA,NA,NA,NA,NA,NA,NA,NA,NA,NA,NA,NA,NA,NA,NA,NA,NA,NA
M1 [Ante Natal Care (ANC)],1.5.3,Number of PW given insulin out of total tested positive for GDM,TOTAL,0,0,NA,NA,0,0,0,NA,NA,0,NA,NA,NA,NA,NA,NA,NA,NA,NA,NA,NA,NA,NA,NA,NA,NA,NA,NA,NA,NA,NA,NA,NA,NA,NA,NA,NA,NA,NA,NA,NA,NA,NA,NA,NA,NA,NA,NA,NA,NA
M1 [Ante Natal Care (ANC)],1.6.1.a,Number of PW tested using POC test for Syphilis,TOTAL,0,0,NA,NA,0,0,0,NA,NA,0,NA,NA,NA,NA,NA,0,0,NA,NA,0,NA,NA,NA,NA,NA,NA,NA,NA,NA,NA,0,0,NA,NA,0,NA,NA,NA,NA,NA,NA,NA,NA,NA,NA,NA,NA,NA,NA,NA
M1 [Ante Natal Care (ANC)],1.6.1.b,"Out of above, number of PW found sero positive for syphilis",TOTAL,0,0,NA,NA,0,0,0,NA,NA,0,NA,NA,NA,NA,NA,0,0,NA,NA,0,NA,NA,NA,NA,NA,NA,NA,NA,NA,NA,0,0,NA,NA,0,NA,NA,NA,NA,NA,NA,NA,NA,NA,NA,NA,NA,NA,NA,NA
M1 [Ante Natal Care (ANC)],1.6.2.a,Number of pregnant women tested for Syphilis,TOTAL,3364,3364,NA,NA,3364,237,237,NA,NA,237,NA,NA,NA,NA,NA,NA,NA,NA,NA,NA,359,359,NA,NA,359,2735,2735,NA,NA,2735,NA,NA,NA,NA,NA,NA,NA,NA,NA,NA,33,33,NA,NA,33,NA,NA,NA,NA,NA
M1 [Ante Natal Care (ANC)],1.6.2.b,Number of pregnant women tested found sero positive for Syphilis,TOTAL,0,0,NA,NA,0,0,0,NA,NA,0,NA,NA,NA,NA,NA,NA,NA,NA,NA,NA,NA,NA,NA,NA,NA,NA,NA,NA,NA,NA,NA,NA,NA,NA,NA,NA,NA,NA,NA,NA,NA,NA,NA,NA,NA,NA,NA,NA,NA,NA
M1 [Ante Natal Care (ANC)],1.6.2.c,Number of syphilis positive pregnant women treated for Syphilis,TOTAL,0,0,NA,NA,0,0,0,NA,NA,0,NA,NA,NA,NA,NA,NA,NA,NA,NA,NA,NA,NA,NA,NA,NA,NA,NA,NA,NA,NA,NA,NA,NA,NA,NA,NA,NA,NA,NA,NA,NA,NA,NA,NA,NA,NA,NA,NA,NA,NA
M1 [Ante Natal Care (ANC)],1.6.2.d,Number of babies diagnosed with Congenital Syphilis,TOTAL,0,0,NA,NA,0,0,0,NA,NA,0,NA,NA,NA,NA,NA,NA,NA,NA,NA,NA,NA,NA,NA,NA,NA,NA,NA,NA,NA,NA,NA,NA,NA,NA,NA,NA,NA,NA,NA,NA,NA,NA,NA,NA,NA,NA,NA,NA,NA,NA
M1 [Ante Natal Care (ANC)],1.6.2.e,Number of babies treated for congenital Syphilis,TOTAL,0,0,NA,NA,0,0,0,NA,NA,0,NA,NA,NA,NA,NA,NA,NA,NA,NA,NA,NA,NA,NA,NA,NA,NA,NA,NA,NA,NA,NA,NA,NA,NA,NA,NA,NA,NA,NA,NA,NA,NA,NA,NA,NA,NA,NA,NA,NA,NA
M2 [Deliveries],2.1.1.a,Number of Home Deliveries attended by Skill Birth Attendant(SBA) (Doctor/Nurse/ANM),TOTAL,125,125,NA,NA,125,0,0,NA,NA,0,NA,NA,NA,NA,NA,3,3,NA,NA,3,NA,NA,NA,NA,NA,NA,NA,NA,NA,NA,28,28,NA,NA,28,93,93,NA,NA,93,NA,NA,NA,NA,NA,1,1,NA,NA,1
M2 [Deliveries],2.1.1.b,Number of Home Deliveries attended by Non SBA (Trained Birth Attendant(TBA) /Relatives/etc.),TOTAL,136,136,NA,NA,136,13,13,NA,NA,13,31,31,NA,NA,31,14,14,NA,NA,14,7,7,NA,NA,7,NA,NA,NA,NA,NA,16,16,NA,NA,16,33,33,NA,NA,33,19,19,NA,NA,19,3,3,NA,NA,3
M2 [Deliveries],2.1.2,Number of PW given Tablet Misoprostol during home delivery,TOTAL,12,12,NA,NA,12,0,0,NA,NA,0,NA,NA,NA,NA,NA,0,0,NA,NA,0,NA,NA,NA,NA,NA,NA,NA,NA,NA,NA,0,0,NA,NA,0,12,12,NA,NA,12,NA,NA,NA,NA,NA,NA,NA,NA,NA,NA
M2 [Deliveries],2.1.3,Number of newborns received 7 Home Based Newborn Care (HBNC) visits in case of Home delivery,TOTAL,153,153,NA,NA,153,7,7,NA,NA,7,9,9,NA,NA,9,6,6,NA,NA,6,3,3,NA,NA,3,NA,NA,NA,NA,NA,30,30,NA,NA,30,93,93,NA,NA,93,3,3,NA,NA,3,2,2,NA,NA,2
M2 [Deliveries],2.2,Number of Institutional Deliveries conducted (Including C-Sections),TOTAL,9120,7093,2027,NA,9120,467,467,NA,NA,467,169,169,NA,NA,169,85,85,NA,NA,85,563,563,NA,NA,563,6301,4274,2027,NA,6301,521,521,NA,NA,521,376,376,NA,NA,376,534,534,NA,NA,534,104,104,NA,NA,104
M2 [Deliveries],2.2.1,Out of total institutional deliveries number of women discharged within 48 hours of delivery,TOTAL,6409,5429,980,NA,6409,407,407,NA,NA,407,137,137,NA,NA,137,85,85,NA,NA,85,435,435,NA,NA,435,4529,3549,980,NA,4529,148,148,NA,NA,148,174,174,NA,NA,174,390,390,NA,NA,390,104,104,NA,NA,104
M2 [Deliveries],2.2.2,Number of newborns received 6 HBNC  visits after Institutional Delivery,TOTAL,6242,6242,NA,NA,6242,477,477,NA,NA,477,887,887,NA,NA,887,612,612,NA,NA,612,1094,1094,NA,NA,1094,134,134,NA,NA,134,882,882,NA,NA,882,782,782,NA,NA,782,620,620,NA,NA,620,754,754,NA,NA,754
M3 [Number of Caesarean (C-Section) deliveries],3.1,Total C -Section deliveries performed,TOTAL,1542,688,854,NA,1542,0,0,NA,NA,0,NA,NA,NA,NA,NA,NA,NA,NA,NA,NA,NA,NA,NA,NA,NA,1542,688,854,NA,1542,NA,NA,NA,NA,NA,NA,NA,NA,NA,NA,NA,NA,NA,NA,NA,NA,NA,NA,NA,NA
M3 [Number of Caesarean (C-Section) deliveries],3.1.1,"C-sections, performed at night (8 PM- 8 AM)",TOTAL,216,216,NA,NA,216,0,0,NA,NA,0,NA,NA,NA,NA,NA,NA,NA,NA,NA,NA,NA,NA,NA,NA,NA,216,216,NA,NA,216,NA,NA,NA,NA,NA,NA,NA,NA,NA,NA,NA,NA,NA,NA,NA,NA,NA,NA,NA,NA
M4 [Pregnancy outcome & details of new-born],4.1.1.a,Live Birth - Male,TOTAL,4886,3848,1038,NA,4886,251,251,NA,NA,251,99,99,NA,NA,99,52,52,NA,NA,52,287,287,NA,NA,287,3273,2235,1038,NA,3273,292,292,NA,NA,292,291,291,NA,NA,291,284,284,NA,NA,284,57,57,NA,NA,57
M4 [Pregnancy outcome & details of new-born],4.1.1.b,Live Birth - Female,TOTAL,4407,3415,992,NA,4407,226,226,NA,NA,226,100,100,NA,NA,100,49,49,NA,NA,49,283,283,NA,NA,283,2966,1974,992,NA,2966,272,272,NA,NA,272,202,202,NA,NA,202,260,260,NA,NA,260,49,49,NA,NA,49
M4 [Pregnancy outcome & details of new-born],4.1.2,Number of Pre term newborns ( < 37 weeks of pregnancy),TOTAL,149,149,NA,NA,149,7,7,NA,NA,7,4,4,NA,NA,4,1,1,NA,NA,1,29,29,NA,NA,29,80,80,NA,NA,80,0,0,NA,NA,0,10,10,NA,NA,10,18,18,NA,NA,18,NA,NA,NA,NA,NA
M4 [Pregnancy outcome & details of new-born],4.1.3,Still Birth,TOTAL,126,124,2,NA,126,3,3,NA,NA,3,2,2,NA,NA,2,1,1,NA,NA,1,3,3,NA,NA,3,91,89,2,NA,91,5,5,NA,NA,5,9,9,NA,NA,9,10,10,NA,NA,10,2,2,NA,NA,2
M4 [Pregnancy outcome & details of new-born],4.2,Abortion (spontaneous),TOTAL,660,660,NA,NA,660,71,71,NA,NA,71,32,32,NA,NA,32,22,22,NA,NA,22,199,199,NA,NA,199,199,199,NA,NA,199,37,37,NA,NA,37,17,17,NA,NA,17,58,58,NA,NA,58,25,25,NA,NA,25
M4 [Pregnancy outcome & details of new-born],4.3.1.a,MTP up to 12 weeks of pregnancy,TOTAL,219,180,39,NA,219,2,2,NA,NA,2,NA,NA,NA,NA,NA,NA,NA,NA,NA,NA,12,12,NA,NA,12,137,98,39,NA,137,14,14,NA,NA,14,28,28,NA,NA,28,26,26,NA,NA,26,NA,NA,NA,NA,NA
M4 [Pregnancy outcome & details of new-born],4.3.1.b,MTP more than 12 weeks of pregnancy,TOTAL,3,3,NA,NA,3,0,0,NA,NA,0,NA,NA,NA,NA,NA,NA,NA,NA,NA,NA,1,1,NA,NA,1,2,2,NA,NA,2,NA,NA,NA,NA,NA,NA,NA,NA,NA,NA,NA,NA,NA,NA,NA,NA,NA,NA,NA,NA
M4 [Pregnancy outcome & details of new-born],4.3.2.a,Post Abortion/ MTP Complications Identified,TOTAL,27,27,NA,NA,27,0,0,NA,NA,0,NA,NA,NA,NA,NA,NA,NA,NA,NA,NA,22,22,NA,NA,22,NA,NA,NA,NA,NA,NA,NA,NA,NA,NA,5,5,NA,NA,5,NA,NA,NA,NA,NA,NA,NA,NA,NA,NA
M4 [Pregnancy outcome & details of new-born],4.3.2.b,Post Abortion/ MTP Complications Treated,TOTAL,5,5,NA,NA,5,0,0,NA,NA,0,NA,NA,NA,NA,NA,NA,NA,NA,NA,NA,NA,NA,NA,NA,NA,NA,NA,NA,NA,NA,NA,NA,NA,NA,NA,5,5,NA,NA,5,NA,NA,NA,NA,NA,NA,NA,NA,NA,NA
M4 [Pregnancy outcome & details of new-born],4.3.3,Number of women provided with post abortion/ MTP contraception,TOTAL,98,98,NA,NA,98,0,0,NA,NA,0,NA,NA,NA,NA,NA,NA,NA,NA,NA,NA,22,22,NA,NA,22,42,42,NA,NA,42,NA,NA,NA,NA,NA,NA,NA,NA,NA,NA,34,34,NA,NA,34,NA,NA,NA,NA,NA
M4 [Pregnancy outcome & details of new-born],4.4.1,Number of newborns weighed at birth,TOTAL,9279,7249,2030,NA,9279,477,477,NA,NA,477,198,198,NA,NA,198,99,99,NA,NA,99,560,560,NA,NA,560,6238,4208,2030,NA,6238,564,564,NA,NA,564,493,493,NA,NA,493,544,544,NA,NA,544,106,106,NA,NA,106
M4 [Pregnancy outcome & details of new-born],4.4.2,Number of newborns having weight less than 2.5 kg,TOTAL,1746,1548,198,NA,1746,57,57,NA,NA,57,28,28,NA,NA,28,13,13,NA,NA,13,115,115,NA,NA,115,1220,1022,198,NA,1220,78,78,NA,NA,78,66,66,NA,NA,66,161,161,NA,NA,161,8,8,NA,NA,8
M4 [Pregnancy outcome & details of new-born],4.4.3,Number of Newborns breast fed within 1 hour of birth ,TOTAL,8786,6757,2029,NA,8786,438,438,NA,NA,438,195,195,NA,NA,195,101,101,NA,NA,101,530,530,NA,NA,530,5836,3807,2029,NA,5836,555,555,NA,NA,555,484,484,NA,NA,484,541,541,NA,NA,541,106,106,NA,NA,106
M5 [Complicated Pregnancies],5.1,"Number of cases of pregnant women with Obstetric Complications attended (Antepartum haemorrhage (APH), Post-Partum Hemorrhage (PPH), Sepsis, Eclampsia and others)",TOTAL,335,284,51,NA,335,21,21,NA,NA,21,NA,NA,NA,NA,NA,NA,NA,NA,NA,NA,4,4,NA,NA,4,303,252,51,NA,303,3,3,NA,NA,3,3,3,NA,NA,3,1,1,NA,NA,1,NA,NA,NA,NA,NA
M5 [Complicated Pregnancies],5.2,Number of Complicated pregnancies treated with Blood Transfusion,TOTAL,209,158,51,NA,209,NA,NA,NA,NA,NA,NA,NA,NA,NA,NA,NA,NA,NA,NA,NA,NA,NA,NA,NA,NA,209,158,51,NA,209,NA,NA,NA,NA,NA,NA,NA,NA,NA,NA,NA,NA,NA,NA,NA,NA,NA,NA,NA,NA
M6 [Post Natal Care (PNC)],6.1,Women receiving 1st post partum checkup within 48 hours of home delivery,TOTAL,241,241,NA,NA,241,13,13,NA,NA,13,23,23,NA,NA,23,13,13,NA,NA,13,7,7,NA,NA,7,NA,NA,NA,NA,NA,44,44,NA,NA,44,122,122,NA,NA,122,15,15,NA,NA,15,4,4,NA,NA,4
M6 [Post Natal Care (PNC)],6.2,Women receiving 1st post partum checkup between 48 hours and 14 days,TOTAL,7500,7500,NA,NA,7500,931,931,NA,NA,931,808,808,NA,NA,808,1377,1377,NA,NA,1377,973,973,NA,NA,973,413,413,NA,NA,413,807,807,NA,NA,807,804,804,NA,NA,804,517,517,NA,NA,517,870,870,NA,NA,870
M6 [Post Natal Care (PNC)],6.3,Number of mothers provided full course of 180 IFA tablets after delivery,TOTAL,3914,3914,NA,NA,3914,790,790,NA,NA,790,409,409,NA,NA,409,322,322,NA,NA,322,131,131,NA,NA,131,250,250,NA,NA,250,370,370,NA,NA,370,722,722,NA,NA,722,223,223,NA,NA,223,697,697,NA,NA,697
M6 [Post Natal Care (PNC)],6.4,Number of mothers provided 360 Calcium tablets after delivery,TOTAL,1610,1610,NA,NA,1610,282,282,NA,NA,282,59,59,NA,NA,59,113,113,NA,NA,113,NA,NA,NA,NA,NA,169,169,NA,NA,169,46,46,NA,NA,46,363,363,NA,NA,363,166,166,NA,NA,166,412,412,NA,NA,412
M7 [Reproductive Tract Infections/Sexually Transmitted Infections (RTI/STI) Cases],7.1.1,New RTI/STI cases identified - Male,TOTAL,770,770,NA,NA,770,0,0,NA,NA,0,8,8,NA,NA,8,17,17,NA,NA,17,1,1,NA,NA,1,609,609,NA,NA,609,98,98,NA,NA,98,NA,NA,NA,NA,NA,12,12,NA,NA,12,25,25,NA,NA,25
M7 [Reproductive Tract Infections/Sexually Transmitted Infections (RTI/STI) Cases],7.1.2,New RTI/STI cases identified - Female,TOTAL,562,562,NA,NA,562,0,0,NA,NA,0,10,10,NA,NA,10,34,34,NA,NA,34,1,1,NA,NA,1,316,316,NA,NA,316,146,146,NA,NA,146,NA,NA,NA,NA,NA,9,9,NA,NA,9,46,46,NA,NA,46
M7 [Reproductive Tract Infections/Sexually Transmitted Infections (RTI/STI) Cases],7.2.1,RTI/STI for which treatment initiated - Male,TOTAL,738,738,NA,NA,738,0,0,NA,NA,0,2,2,NA,NA,2,3,3,NA,NA,3,1,1,NA,NA,1,609,609,NA,NA,609,98,98,NA,NA,98,NA,NA,NA,NA,NA,NA,NA,NA,NA,NA,25,25,NA,NA,25
M7 [Reproductive Tract Infections/Sexually Transmitted Infections (RTI/STI) Cases],7.2.2,RTI/STI for which treatment initiated -Female,TOTAL,520,520,NA,NA,520,0,0,NA,NA,0,4,4,NA,NA,4,7,7,NA,NA,7,1,1,NA,NA,1,316,316,NA,NA,316,146,146,NA,NA,146,NA,NA,NA,NA,NA,NA,NA,NA,NA,NA,46,46,NA,NA,46
M8 [Family Planning],8.1.1,Number of Non Scalpel Vasectomy (NSV) / Conventional Vasectomy conducted,TOTAL,0,0,NA,NA,0,0,0,NA,NA,0,NA,NA,NA,NA,NA,NA,NA,NA,NA,NA,NA,NA,NA,NA,NA,NA,NA,NA,NA,NA,NA,NA,NA,NA,NA,NA,NA,NA,NA,NA,NA,NA,NA,NA,NA,NA,NA,NA,NA,NA
M8 [Family Planning],8.2.1,Number of Laparoscopic sterilizations (excluding post abortion) conducted,TOTAL,265,114,151,NA,265,0,0,NA,NA,0,NA,NA,NA,NA,NA,NA,NA,NA,NA,NA,NA,NA,NA,NA,NA,239,88,151,NA,239,26,26,NA,NA,26,NA,NA,NA,NA,NA,NA,NA,NA,NA,NA,NA,NA,NA,NA,NA
M8 [Family Planning],8.2.2,Number of Interval Mini-lap (other than post-partum and post abortion) sterilizations conducted,TOTAL,57,57,NA,NA,57,0,0,NA,NA,0,NA,NA,NA,NA,NA,NA,NA,NA,NA,NA,NA,NA,NA,NA,NA,22,22,NA,NA,22,15,15,NA,NA,15,8,8,NA,NA,8,12,12,NA,NA,12,NA,NA,NA,NA,NA
M8 [Family Planning],8.2.3,Number of Postpartum sterilizations (within 7 days of delivery by minilap or concurrent with caesarean section) conducted,TOTAL,150,129,21,NA,150,0,0,NA,NA,0,NA,NA,NA,NA,NA,NA,NA,NA,NA,NA,NA,NA,NA,NA,NA,148,127,21,NA,148,2,2,NA,NA,2,NA,NA,NA,NA,NA,NA,NA,NA,NA,NA,NA,NA,NA,NA,NA
M8 [Family Planning],8.2.4,Number of Post Abortion sterilizations (within 7 days of spontaneous or surgical abortion) conducted,TOTAL,0,0,NA,NA,0,0,0,NA,NA,0,NA,NA,NA,NA,NA,NA,NA,NA,NA,NA,NA,NA,NA,NA,NA,NA,NA,NA,NA,NA,NA,NA,NA,NA,NA,NA,NA,NA,NA,NA,NA,NA,NA,NA,NA,NA,NA,NA,NA,NA
M8 [Family Planning],8.3,Number of Interval IUCD Insertions (excluding PPIUCD and PAIUCD),TOTAL,1563,1563,NA,NA,1563,83,83,NA,NA,83,126,126,NA,NA,126,227,227,NA,NA,227,175,175,NA,NA,175,72,72,NA,NA,72,320,320,NA,NA,320,301,301,NA,NA,301,53,53,NA,NA,53,206,206,NA,NA,206
M8 [Family Planning],8.4,Number of Postpartum (within 48 hours of delivery) IUCD insertions,TOTAL,1949,1949,NA,NA,1949,292,292,NA,NA,292,33,33,NA,NA,33,18,18,NA,NA,18,164,164,NA,NA,164,1008,1008,NA,NA,1008,75,75,NA,NA,75,121,121,NA,NA,121,236,236,NA,NA,236,2,2,NA,NA,2
M8 [Family Planning],8.5,Number of Post Abortion (within 12 days of spontaneous or surgical abortion) IUCD insertions,TOTAL,157,157,NA,NA,157,2,2,NA,NA,2,NA,NA,NA,NA,NA,NA,NA,NA,NA,NA,53,53,NA,NA,53,66,66,NA,NA,66,NA,NA,NA,NA,NA,NA,NA,NA,NA,NA,36,36,NA,NA,36,NA,NA,NA,NA,NA
M8 [Family Planning],8.6,Number of IUCD Removals,TOTAL,518,518,NA,NA,518,64,64,NA,NA,64,53,53,NA,NA,53,46,46,NA,NA,46,28,28,NA,NA,28,55,55,NA,NA,55,62,62,NA,NA,62,37,37,NA,NA,37,99,99,NA,NA,99,74,74,NA,NA,74
M8 [Family Planning],8.7,Number of complications following IUCD Insertion,TOTAL,3,3,NA,NA,3,0,0,NA,NA,0,NA,NA,NA,NA,NA,2,2,NA,NA,2,NA,NA,NA,NA,NA,NA,NA,NA,NA,NA,0,0,NA,NA,0,1,1,NA,NA,1,NA,NA,NA,NA,NA,NA,NA,NA,NA,NA
M8 [Family Planning],8.8,Injectable Contraceptive-Antara Program- First Dose,TOTAL,1,1,NA,NA,1,0,0,NA,NA,0,NA,NA,NA,NA,NA,0,0,NA,NA,0,NA,NA,NA,NA,NA,1,1,NA,NA,1,0,0,NA,NA,0,NA,NA,NA,NA,NA,NA,NA,NA,NA,NA,NA,NA,NA,NA,NA
M8 [Family Planning],8.9,Injectable Contraceptive-Antara Program- Second Dose,TOTAL,0,0,NA,NA,0,0,0,NA,NA,0,NA,NA,NA,NA,NA,0,0,NA,NA,0,NA,NA,NA,NA,NA,NA,NA,NA,NA,NA,0,0,NA,NA,0,NA,NA,NA,NA,NA,NA,NA,NA,NA,NA,NA,NA,NA,NA,NA
M8 [Family Planning],8.1,Injectable Contraceptive-Antara Program- Third Dose,TOTAL,0,0,NA,NA,0,0,0,NA,NA,0,NA,NA,NA,NA,NA,0,0,NA,NA,0,NA,NA,NA,NA,NA,NA,NA,NA,NA,NA,0,0,NA,NA,0,NA,NA,NA,NA,NA,NA,NA,NA,NA,NA,NA,NA,NA,NA,NA
M8 [Family Planning],8.11,Injectable Contraceptive-Antara Program- Fourth or more than fourth,TOTAL,0,0,NA,NA,0,0,0,NA,NA,0,NA,NA,NA,NA,NA,0,0,NA,NA,0,NA,NA,NA,NA,NA,NA,NA,NA,NA,NA,0,0,NA,NA,0,NA,NA,NA,NA,NA,NA,NA,NA,NA,NA,NA,NA,NA,NA,NA
M8 [Family Planning],8.12,Number of Combined Oral Pill cycles distributed,TOTAL,23305,23305,NA,NA,23305,2107,2107,NA,NA,2107,3275,3275,NA,NA,3275,1197,1197,NA,NA,1197,4458,4458,NA,NA,4458,1607,1607,NA,NA,1607,2503,2503,NA,NA,2503,3981,3981,NA,NA,3981,1669,1669,NA,NA,1669,2508,2508,NA,NA,2508
M8 [Family Planning],8.13,Number of Condom pieces distributed,TOTAL,109276,109276,NA,NA,109276,8378,8378,NA,NA,8378,20376,20376,NA,NA,20376,8053,8053,NA,NA,8053,12050,12050,NA,NA,12050,7561,7561,NA,NA,7561,10052,10052,NA,NA,10052,27642,27642,NA,NA,27642,6177,6177,NA,NA,6177,8987,8987,NA,NA,8987
M8 [Family Planning],8.14,Number of Centchroman (weekly) pill strips distributed,TOTAL,6,6,NA,NA,6,0,0,NA,NA,0,NA,NA,NA,NA,NA,0,0,NA,NA,0,0,0,NA,NA,0,6,6,NA,NA,6,0,0,NA,NA,0,NA,NA,NA,NA,NA,NA,NA,NA,NA,NA,NA,NA,NA,NA,NA
M8 [Family Planning],8.15,Number of Emergency Contraceptive Pills (ECP) given,TOTAL,1006,1006,NA,NA,1006,197,197,NA,NA,197,288,288,NA,NA,288,21,21,NA,NA,21,143,143,NA,NA,143,90,90,NA,NA,90,159,159,NA,NA,159,66,66,NA,NA,66,1,1,NA,NA,1,41,41,NA,NA,41
M8 [Family Planning],8.16,Number of Pregnancy Test Kits (PTK) used,TOTAL,8541,8541,NA,NA,8541,807,807,NA,NA,807,1201,1201,NA,NA,1201,953,953,NA,NA,953,1205,1205,NA,NA,1205,658,658,NA,NA,658,1135,1135,NA,NA,1135,1002,1002,NA,NA,1002,608,608,NA,NA,608,972,972,NA,NA,972
M8 [Family Planning],8.17.1,Complications following male sterilization,TOTAL,0,0,NA,NA,0,0,0,NA,NA,0,NA,NA,NA,NA,NA,0,0,NA,NA,0,NA,NA,NA,NA,NA,NA,NA,NA,NA,NA,0,0,NA,NA,0,NA,NA,NA,NA,NA,NA,NA,NA,NA,NA,NA,NA,NA,NA,NA
M8 [Family Planning],8.17.2,Complications following female sterilization,TOTAL,0,0,NA,NA,0,0,0,NA,NA,0,NA,NA,NA,NA,NA,0,0,NA,NA,0,NA,NA,NA,NA,NA,NA,NA,NA,NA,NA,0,0,NA,NA,0,NA,NA,NA,NA,NA,NA,NA,NA,NA,NA,NA,NA,NA,NA,NA
M8 [Family Planning],8.17.3,Failures following male sterilization,TOTAL,0,0,NA,NA,0,0,0,NA,NA,0,NA,NA,NA,NA,NA,NA,NA,NA,NA,NA,NA,NA,NA,NA,NA,NA,NA,NA,NA,NA,NA,NA,NA,NA,NA,NA,NA,NA,NA,NA,NA,NA,NA,NA,NA,NA,NA,NA,NA,NA
M8 [Family Planning],8.17.4,Failures following female sterilization,TOTAL,0,0,NA,NA,0,0,0,NA,NA,0,NA,NA,NA,NA,NA,NA,NA,NA,NA,NA,NA,NA,NA,NA,NA,NA,NA,NA,NA,NA,NA,NA,NA,NA,NA,NA,NA,NA,NA,NA,NA,NA,NA,NA,NA,NA,NA,NA,NA,NA
M8 [Family Planning],8.17.5,Deaths following male sterilization,TOTAL,0,0,NA,NA,0,0,0,NA,NA,0,NA,NA,NA,NA,NA,NA,NA,NA,NA,NA,NA,NA,NA,NA,NA,NA,NA,NA,NA,NA,NA,NA,NA,NA,NA,NA,NA,NA,NA,NA,NA,NA,NA,NA,NA,NA,NA,NA,NA,NA
M8 [Family Planning],8.17.6,Deaths following female sterilization,TOTAL,0,0,NA,NA,0,0,0,NA,NA,0,NA,NA,NA,NA,NA,NA,NA,NA,NA,NA,NA,NA,NA,NA,NA,NA,NA,NA,NA,NA,NA,NA,NA,NA,NA,NA,NA,NA,NA,NA,NA,NA,NA,NA,NA,NA,NA,NA,NA,NA
M9 [CHILD IMMUNISATION],9.1.1,Child immunisation - Vitamin K1 (Birth Dose),TOTAL,6320,6320,NA,NA,6320,454,454,NA,NA,454,151,151,NA,NA,151,49,49,NA,NA,49,549,549,NA,NA,549,3910,3910,NA,NA,3910,374,374,NA,NA,374,256,256,NA,NA,256,474,474,NA,NA,474,103,103,NA,NA,103
M9 [CHILD IMMUNISATION],9.1.2,Child immunisation - BCG,TOTAL,10201,10070,131,NA,10201,488,488,NA,NA,488,204,204,NA,NA,204,326,326,NA,NA,326,995,995,NA,NA,995,6046,5915,131,NA,6046,719,719,NA,NA,719,549,549,NA,NA,549,549,549,NA,NA,549,325,325,NA,NA,325
M9 [CHILD IMMUNISATION],9.1.3,Child immunisation - DPT1,TOTAL,0,0,NA,NA,0,0,0,NA,NA,0,NA,NA,NA,NA,NA,0,0,NA,NA,0,NA,NA,NA,NA,NA,NA,NA,NA,NA,NA,0,0,NA,NA,0,NA,NA,NA,NA,NA,NA,NA,NA,NA,NA,NA,NA,NA,NA,NA
M9 [CHILD IMMUNISATION],9.1.4,Child immunisation - DPT2,TOTAL,0,0,NA,NA,0,0,0,NA,NA,0,NA,NA,NA,NA,NA,0,0,NA,NA,0,NA,NA,NA,NA,NA,NA,NA,NA,NA,NA,0,0,NA,NA,0,NA,NA,NA,NA,NA,NA,NA,NA,NA,NA,NA,NA,NA,NA,NA
M9 [CHILD IMMUNISATION],9.1.5,Child immunisation - DPT3,TOTAL,0,0,NA,NA,0,0,0,NA,NA,0,NA,NA,NA,NA,NA,0,0,NA,NA,0,NA,NA,NA,NA,NA,NA,NA,NA,NA,NA,0,0,NA,NA,0,NA,NA,NA,NA,NA,NA,NA,NA,NA,NA,NA,NA,NA,NA,NA
M9 [CHILD IMMUNISATION],9.1.6,Child immunisation - Pentavalent 1,TOTAL,9554,9451,103,NA,9554,1219,1219,NA,NA,1219,974,974,NA,NA,974,1493,1493,NA,NA,1493,1097,1097,NA,NA,1097,1207,1104,103,NA,1207,991,991,NA,NA,991,992,992,NA,NA,992,730,730,NA,NA,730,851,851,NA,NA,851
M9 [CHILD IMMUNISATION],9.1.7,Child immunisation - Pentavalent 2,TOTAL,9465,9401,64,NA,9465,1254,1254,NA,NA,1254,955,955,NA,NA,955,1438,1438,NA,NA,1438,1095,1095,NA,NA,1095,1149,1085,64,NA,1149,954,954,NA,NA,954,970,970,NA,NA,970,761,761,NA,NA,761,889,889,NA,NA,889
M9 [CHILD IMMUNISATION],9.1.8,Child immunisation - Pentavalent 3,TOTAL,10018,9929,89,NA,10018,1326,1326,NA,NA,1326,1018,1018,NA,NA,1018,1542,1542,NA,NA,1542,1158,1158,NA,NA,1158,1216,1127,89,NA,1216,1022,1022,NA,NA,1022,989,989,NA,NA,989,810,810,NA,NA,810,937,937,NA,NA,937
M9 [CHILD IMMUNISATION],9.1.9,Child immunisation - OPV 0 (Birth Dose),TOTAL,9548,9417,131,NA,9548,457,457,NA,NA,457,180,180,NA,NA,180,194,194,NA,NA,194,943,943,NA,NA,943,5991,5860,131,NA,5991,594,594,NA,NA,594,406,406,NA,NA,406,523,523,NA,NA,523,260,260,NA,NA,260
M9 [CHILD IMMUNISATION],9.1.10,Child immunisation - OPV1,TOTAL,9534,9431,103,NA,9534,1215,1215,NA,NA,1215,970,970,NA,NA,970,1493,1493,NA,NA,1493,1088,1088,NA,NA,1088,1207,1104,103,NA,1207,991,991,NA,NA,991,992,992,NA,NA,992,727,727,NA,NA,727,851,851,NA,NA,851
M9 [CHILD IMMUNISATION],9.1.11,Child immunisation - OPV2,TOTAL,9390,9326,64,NA,9390,1253,1253,NA,NA,1253,951,951,NA,NA,951,1438,1438,NA,NA,1438,1097,1097,NA,NA,1097,1089,1025,64,NA,1089,954,954,NA,NA,954,970,970,NA,NA,970,749,749,NA,NA,749,889,889,NA,NA,889
M9 [CHILD IMMUNISATION],9.1.12,Child immunisation - OPV3,TOTAL,9984,9895,89,NA,9984,1329,1329,NA,NA,1329,1004,1004,NA,NA,1004,1534,1534,NA,NA,1534,1160,1160,NA,NA,1160,1216,1127,89,NA,1216,1022,1022,NA,NA,1022,989,989,NA,NA,989,796,796,NA,NA,796,934,934,NA,NA,934
M9 [CHILD IMMUNISATION],9.1.13,Child immunisation - Hepatitis-B0 (Birth Dose),TOTAL,8284,8236,48,NA,8284,425,425,NA,NA,425,152,152,NA,NA,152,184,184,NA,NA,184,895,895,NA,NA,895,5207,5159,48,NA,5207,500,500,NA,NA,500,344,344,NA,NA,344,478,478,NA,NA,478,99,99,NA,NA,99
M9 [CHILD IMMUNISATION],9.1.14,Child immunisation - Hepatitis-B1,TOTAL,0,0,NA,NA,0,0,0,NA,NA,0,NA,NA,NA,NA,NA,0,0,NA,NA,0,NA,NA,NA,NA,NA,NA,NA,NA,NA,NA,0,0,NA,NA,0,NA,NA,NA,NA,NA,NA,NA,NA,NA,NA,NA,NA,NA,NA,NA
M9 [CHILD IMMUNISATION],9.1.15,Child immunisation - Hepatitis-B2,TOTAL,0,0,NA,NA,0,0,0,NA,NA,0,NA,NA,NA,NA,NA,0,0,NA,NA,0,NA,NA,NA,NA,NA,NA,NA,NA,NA,NA,0,0,NA,NA,0,NA,NA,NA,NA,NA,NA,NA,NA,NA,NA,NA,NA,NA,NA,NA
M9 [CHILD IMMUNISATION],9.1.16,Child immunisation - Hepatitis-B3,TOTAL,0,0,NA,NA,0,0,0,NA,NA,0,NA,NA,NA,NA,NA,0,0,NA,NA,0,NA,NA,NA,NA,NA,NA,NA,NA,NA,NA,0,0,NA,NA,0,NA,NA,NA,NA,NA,NA,NA,NA,NA,NA,NA,NA,NA,NA,NA
M9 [CHILD IMMUNISATION],9.1.17,Child immunisation - Inactivated Polio Vaccine 1 (IPV 1),TOTAL,7003,6589,414,NA,7003,429,429,NA,NA,429,649,649,NA,NA,649,993,993,NA,NA,993,805,805,NA,NA,805,1687,1273,414,NA,1687,626,626,NA,NA,626,766,766,NA,NA,766,686,686,NA,NA,686,362,362,NA,NA,362
M9 [CHILD IMMUNISATION],9.1.18,Child immunisation - Inactivated Polio Vaccine 2 (IPV 2),TOTAL,6178,5763,415,NA,6178,352,352,NA,NA,352,544,544,NA,NA,544,1017,1017,NA,NA,1017,686,686,NA,NA,686,1581,1166,415,NA,1581,520,520,NA,NA,520,602,602,NA,NA,602,561,561,NA,NA,561,315,315,NA,NA,315
M9 [CHILD IMMUNISATION],9.1.19,Child immunisation - Rotavirus 1,TOTAL,9372,9269,103,NA,9372,1197,1197,NA,NA,1197,956,956,NA,NA,956,1488,1488,NA,NA,1488,1052,1052,NA,NA,1052,1207,1104,103,NA,1207,991,991,NA,NA,991,943,943,NA,NA,943,711,711,NA,NA,711,827,827,NA,NA,827
M9 [CHILD IMMUNISATION],9.1.20,Child immunisation - Rotavirus 2,TOTAL,9118,9054,64,NA,9118,1228,1228,NA,NA,1228,909,909,NA,NA,909,1425,1425,NA,NA,1425,1042,1042,NA,NA,1042,1089,1025,64,NA,1089,937,937,NA,NA,937,931,931,NA,NA,931,702,702,NA,NA,702,855,855,NA,NA,855
M9 [CHILD IMMUNISATION],9.1.21,Child immunisation - Rotavirus 3,TOTAL,9700,9611,89,NA,9700,1312,1312,NA,NA,1312,964,964,NA,NA,964,1528,1528,NA,NA,1528,1113,1113,NA,NA,1113,1216,1127,89,NA,1216,1010,1010,NA,NA,1010,937,937,NA,NA,937,726,726,NA,NA,726,894,894,NA,NA,894
M9 [CHILD IMMUNISATION],9.2.1,Child immunisation (9-11months) - Measles & Rubella (MR)- 1st Dose,TOTAL,7426,7361,65,NA,7426,1030,1030,NA,NA,1030,413,413,NA,NA,413,1352,1352,NA,NA,1352,1231,1231,NA,NA,1231,627,562,65,NA,627,799,799,NA,NA,799,942,942,NA,NA,942,400,400,NA,NA,400,632,632,NA,NA,632
M9 [CHILD IMMUNISATION],9.2.2,Child immunisation (9-11months) - Measles 1st dose,TOTAL,3411,3399,12,NA,3411,408,408,NA,NA,408,760,760,NA,NA,760,172,172,NA,NA,172,3,3,NA,NA,3,680,668,12,NA,680,236,236,NA,NA,236,201,201,NA,NA,201,552,552,NA,NA,552,399,399,NA,NA,399
M9 [CHILD IMMUNISATION],9.2.3,Child immunisation (9-11months) - JE 1st dose,TOTAL,0,0,NA,NA,0,0,0,NA,NA,0,NA,NA,NA,NA,NA,0,0,NA,NA,0,NA,NA,NA,NA,NA,NA,NA,NA,NA,NA,0,0,NA,NA,0,NA,NA,NA,NA,NA,NA,NA,NA,NA,NA,NA,NA,NA,NA,NA
M9 [CHILD IMMUNISATION],9.2.4.a,Children aged between 9 and 11 months fully immunized- Male,TOTAL,5703,5660,43,NA,5703,777,777,NA,NA,777,600,600,NA,NA,600,838,838,NA,NA,838,630,630,NA,NA,630,665,622,43,NA,665,556,556,NA,NA,556,594,594,NA,NA,594,488,488,NA,NA,488,555,555,NA,NA,555
M9 [CHILD IMMUNISATION],9.2.4.b,Children aged between 9 and 11 months fully immunized - Female,TOTAL,5058,5024,34,NA,5058,654,654,NA,NA,654,572,572,NA,NA,572,684,684,NA,NA,684,604,604,NA,NA,604,574,540,34,NA,574,479,479,NA,NA,479,551,551,NA,NA,551,464,464,NA,NA,464,476,476,NA,NA,476
M9 [CHILD IMMUNISATION],9.3.1,Child immunisation - Measles & Rubella (MR)- 1st Dose,TOTAL,54,54,NA,NA,54,16,16,NA,NA,16,3,3,NA,NA,3,0,0,NA,NA,0,4,4,NA,NA,4,9,9,NA,NA,9,0,0,NA,NA,0,22,22,NA,NA,22,NA,NA,NA,NA,NA,NA,NA,NA,NA,NA
M9 [CHILD IMMUNISATION],9.3.2,Child immunisation - Measles-1st dose,TOTAL,139,139,NA,NA,139,5,5,NA,NA,5,45,45,NA,NA,45,0,0,NA,NA,0,NA,NA,NA,NA,NA,71,71,NA,NA,71,0,0,NA,NA,0,NA,NA,NA,NA,NA,10,10,NA,NA,10,8,8,NA,NA,8
M9 [CHILD IMMUNISATION],9.3.3,Child immunisation - JE 1st dose,TOTAL,0,0,NA,NA,0,0,0,NA,NA,0,NA,NA,NA,NA,NA,0,0,NA,NA,0,NA,NA,NA,NA,NA,NA,NA,NA,NA,NA,0,0,NA,NA,0,NA,NA,NA,NA,NA,NA,NA,NA,NA,NA,NA,NA,NA,NA,NA
M9 [CHILD IMMUNISATION],9.4.1,Child immunisation - Measles & Rubella (MR)- 2nd Dose (16-24 months),TOTAL,8342,8281,61,NA,8342,999,999,NA,NA,999,850,850,NA,NA,850,1073,1073,NA,NA,1073,823,823,NA,NA,823,1023,962,61,NA,1023,962,962,NA,NA,962,1001,1001,NA,NA,1001,664,664,NA,NA,664,947,947,NA,NA,947
M9 [CHILD IMMUNISATION],9.4.2,Child immunisation - Measles 2nd dose (More than 16 months),TOTAL,125,125,NA,NA,125,0,0,NA,NA,0,36,36,NA,NA,36,20,20,NA,NA,20,NA,NA,NA,NA,NA,56,56,NA,NA,56,0,0,NA,NA,0,11,11,NA,NA,11,2,2,NA,NA,2,NA,NA,NA,NA,NA
M9 [CHILD IMMUNISATION],9.4.3,Child immunisation - DPT 1st Booster,TOTAL,9420,9359,61,NA,9420,1181,1181,NA,NA,1181,945,945,NA,NA,945,1411,1411,NA,NA,1411,988,988,NA,NA,988,1154,1093,61,NA,1154,975,975,NA,NA,975,1038,1038,NA,NA,1038,781,781,NA,NA,781,947,947,NA,NA,947
M9 [CHILD IMMUNISATION],9.4.4,Child immunisation - OPV Booster,TOTAL,9396,9335,61,NA,9396,1201,1201,NA,NA,1201,943,943,NA,NA,943,1413,1413,NA,NA,1413,979,979,NA,NA,979,1146,1085,61,NA,1146,975,975,NA,NA,975,1011,1011,NA,NA,1011,781,781,NA,NA,781,947,947,NA,NA,947
M9 [CHILD IMMUNISATION],9.4.5,"Child immunisation - Measles, Mumps, Rubella (MMR) Vaccine",TOTAL,0,0,NA,NA,0,0,0,NA,NA,0,NA,NA,NA,NA,NA,0,0,NA,NA,0,NA,NA,NA,NA,NA,NA,NA,NA,NA,NA,0,0,NA,NA,0,NA,NA,NA,NA,NA,NA,NA,NA,NA,NA,NA,NA,NA,NA,NA
M9 [CHILD IMMUNISATION],9.4.6,Number of children more than 16 months of age who received Japanese Encephalitis (JE) vaccine,TOTAL,0,0,NA,NA,0,0,0,NA,NA,0,NA,NA,NA,NA,NA,0,0,NA,NA,0,NA,NA,NA,NA,NA,NA,NA,NA,NA,NA,0,0,NA,NA,0,NA,NA,NA,NA,NA,NA,NA,NA,NA,NA,NA,NA,NA,NA,NA
M9 [CHILD IMMUNISATION],9.5.1,Child immunisation - Typhoid,TOTAL,0,0,NA,NA,0,0,0,NA,NA,0,0,0,NA,NA,0,0,0,NA,NA,0,0,0,NA,NA,0,NA,NA,NA,NA,NA,0,0,NA,NA,0,NA,NA,NA,NA,NA,NA,NA,NA,NA,NA,NA,NA,NA,NA,NA
M9 [CHILD IMMUNISATION],9.5.2,Children more than 5 years received DPT5 (2nd Booster),TOTAL,6364,6338,26,NA,6364,711,711,NA,NA,711,662,662,NA,NA,662,1216,1216,NA,NA,1216,518,518,NA,NA,518,559,533,26,NA,559,760,760,NA,NA,760,1011,1011,NA,NA,1011,365,365,NA,NA,365,562,562,NA,NA,562
M9 [CHILD IMMUNISATION],9.5.3,Children more than 10 years received TT10,TOTAL,5881,5873,8,NA,5881,639,639,NA,NA,639,666,666,NA,NA,666,1307,1307,NA,NA,1307,358,358,NA,NA,358,620,612,8,NA,620,618,618,NA,NA,618,1046,1046,NA,NA,1046,230,230,NA,NA,230,397,397,NA,NA,397
M9 [CHILD IMMUNISATION],9.5.4,Children more than 16 years received TT16,TOTAL,5429,5429,NA,NA,5429,548,548,NA,NA,548,836,836,NA,NA,836,1226,1226,NA,NA,1226,593,593,NA,NA,593,503,503,NA,NA,503,501,501,NA,NA,501,686,686,NA,NA,686,276,276,NA,NA,276,260,260,NA,NA,260
M9 [CHILD IMMUNISATION],9.6.1,Number of cases of AEFI - Abscess,TOTAL,79,79,NA,NA,79,1,1,NA,NA,1,38,38,NA,NA,38,3,3,NA,NA,3,NA,NA,NA,NA,NA,8,8,NA,NA,8,13,13,NA,NA,13,NA,NA,NA,NA,NA,10,10,NA,NA,10,6,6,NA,NA,6
M9 [CHILD IMMUNISATION],9.6.2,Number of cases of AEFI - Death,TOTAL,0,0,NA,NA,0,0,0,NA,NA,0,NA,NA,NA,NA,NA,0,0,NA,NA,0,NA,NA,NA,NA,NA,NA,NA,NA,NA,NA,0,0,NA,NA,0,NA,NA,NA,NA,NA,NA,NA,NA,NA,NA,NA,NA,NA,NA,NA
M9 [CHILD IMMUNISATION],9.6.3,Number of cases of AEFI - Others,TOTAL,1470,1454,16,NA,1470,34,34,NA,NA,34,228,228,NA,NA,228,53,53,NA,NA,53,167,167,NA,NA,167,64,48,16,NA,64,99,99,NA,NA,99,368,368,NA,NA,368,299,299,NA,NA,299,158,158,NA,NA,158
M9 [CHILD IMMUNISATION],9.7.1,Immunisation sessions planned,TOTAL,4714,4714,NA,NA,4714,626,626,NA,NA,626,481,481,NA,NA,481,648,648,NA,NA,648,664,664,NA,NA,664,260,260,NA,NA,260,505,505,NA,NA,505,508,508,NA,NA,508,492,492,NA,NA,492,530,530,NA,NA,530
M9 [CHILD IMMUNISATION],9.7.2,Immunisation sessions held,TOTAL,4710,4710,NA,NA,4710,625,625,NA,NA,625,481,481,NA,NA,481,648,648,NA,NA,648,664,664,NA,NA,664,257,257,NA,NA,257,505,505,NA,NA,505,508,508,NA,NA,508,492,492,NA,NA,492,530,530,NA,NA,530
M9 [CHILD IMMUNISATION],9.7.3,Number of Immunisation sessions where ASHAs were present,TOTAL,4374,4374,NA,NA,4374,625,625,NA,NA,625,481,481,NA,NA,481,648,648,NA,NA,648,600,600,NA,NA,600,142,142,NA,NA,142,505,505,NA,NA,505,474,474,NA,NA,474,390,390,NA,NA,390,509,509,NA,NA,509
M9 [CHILD IMMUNISATION],9.8.1,Child immunisation - Vitamin A Dose - 1,TOTAL,13549,13472,77,NA,13549,1510,1510,NA,NA,1510,1722,1722,NA,NA,1722,1345,1345,NA,NA,1345,1718,1718,NA,NA,1718,2066,1989,77,NA,2066,1538,1538,NA,NA,1538,1483,1483,NA,NA,1483,1128,1128,NA,NA,1128,1039,1039,NA,NA,1039
M9 [CHILD IMMUNISATION],9.8.2,Child immunisation - Vitamin A Dose - 5,TOTAL,30861,30861,NA,NA,30861,5571,5571,NA,NA,5571,2499,2499,NA,NA,2499,3255,3255,NA,NA,3255,2912,2912,NA,NA,2912,1763,1763,NA,NA,1763,5192,5192,NA,NA,5192,3928,3928,NA,NA,3928,2863,2863,NA,NA,2863,2878,2878,NA,NA,2878
M9 [CHILD IMMUNISATION],9.8.3,Child immunisation - Vitamin A Dose - 9,TOTAL,33872,33872,NA,NA,33872,6508,6508,NA,NA,6508,2683,2683,NA,NA,2683,3462,3462,NA,NA,3462,3199,3199,NA,NA,3199,1887,1887,NA,NA,1887,5448,5448,NA,NA,5448,4424,4424,NA,NA,4424,3025,3025,NA,NA,3025,3236,3236,NA,NA,3236
M9 [CHILD IMMUNISATION],9.9,Number of children (6-59 months) provided 8-10 doses (1ml) of IFA syrup (Bi weekly),TOTAL,36056,36056,NA,NA,36056,355,355,NA,NA,355,7686,7686,NA,NA,7686,460,460,NA,NA,460,3419,3419,NA,NA,3419,NA,NA,NA,NA,NA,486,486,NA,NA,486,17799,17799,NA,NA,17799,127,127,NA,NA,127,5724,5724,NA,NA,5724
M9 [CHILD IMMUNISATION],9.1,Number of children (12-59 months) provided Albendazole,TOTAL,68463,68463,NA,NA,68463,11649,11649,NA,NA,11649,7881,7881,NA,NA,7881,2502,2502,NA,NA,2502,11505,11505,NA,NA,11505,3672,3672,NA,NA,3672,12288,12288,NA,NA,12288,8359,8359,NA,NA,8359,695,695,NA,NA,695,9912,9912,NA,NA,9912
M9 [CHILD IMMUNISATION],9.11,Number of severely underweight children provided Health Checkup (0-5 yrs),TOTAL,476,476,NA,NA,476,34,34,NA,NA,34,164,164,NA,NA,164,67,67,NA,NA,67,49,49,NA,NA,49,3,3,NA,NA,3,12,12,NA,NA,12,100,100,NA,NA,100,18,18,NA,NA,18,29,29,NA,NA,29
M10 [Number of cases of Childhood Diseases (0-5 years)],10.1,Childhood Diseases - Pneumonia,TOTAL,294,294,NA,NA,294,0,0,NA,NA,0,102,102,NA,NA,102,NA,NA,NA,NA,NA,NA,NA,NA,NA,NA,192,192,NA,NA,192,NA,NA,NA,NA,NA,NA,NA,NA,NA,NA,NA,NA,NA,NA,NA,NA,NA,NA,NA,NA
M10 [Number of cases of Childhood Diseases (0-5 years)],10.2,Childhood Diseases - Asthma,TOTAL,489,489,NA,NA,489,13,13,NA,NA,13,153,153,NA,NA,153,NA,NA,NA,NA,NA,NA,NA,NA,NA,NA,88,88,NA,NA,88,157,157,NA,NA,157,NA,NA,NA,NA,NA,59,59,NA,NA,59,19,19,NA,NA,19
M10 [Number of cases of Childhood Diseases (0-5 years)],10.3,Childhood Diseases - Sepsis,TOTAL,20,20,NA,NA,20,0,0,NA,NA,0,20,20,NA,NA,20,NA,NA,NA,NA,NA,NA,NA,NA,NA,NA,NA,NA,NA,NA,NA,NA,NA,NA,NA,NA,NA,NA,NA,NA,NA,NA,NA,NA,NA,NA,NA,NA,NA,NA,NA
M10 [Number of cases of Childhood Diseases (0-5 years)],10.4,Childhood Diseases - Diphtheria,TOTAL,0,0,NA,NA,0,0,0,NA,NA,0,NA,NA,NA,NA,NA,NA,NA,NA,NA,NA,NA,NA,NA,NA,NA,NA,NA,NA,NA,NA,NA,NA,NA,NA,NA,NA,NA,NA,NA,NA,NA,NA,NA,NA,NA,NA,NA,NA,NA,NA
M10 [Number of cases of Childhood Diseases (0-5 years)],10.5,Childhood Diseases - Pertussis,TOTAL,0,0,NA,NA,0,0,0,NA,NA,0,NA,NA,NA,NA,NA,NA,NA,NA,NA,NA,NA,NA,NA,NA,NA,NA,NA,NA,NA,NA,NA,NA,NA,NA,NA,NA,NA,NA,NA,NA,NA,NA,NA,NA,NA,NA,NA,NA,NA,NA
M10 [Number of cases of Childhood Diseases (0-5 years)],10.6,Childhood Diseases - Tetanus Neonatorum,TOTAL,0,0,NA,NA,0,0,0,NA,NA,0,NA,NA,NA,NA,NA,NA,NA,NA,NA,NA,NA,NA,NA,NA,NA,NA,NA,NA,NA,NA,NA,NA,NA,NA,NA,NA,NA,NA,NA,NA,NA,NA,NA,NA,NA,NA,NA,NA,NA,NA
M10 [Number of cases of Childhood Diseases (0-5 years)],10.7,Childhood Diseases - Tuberculosis (TB),TOTAL,9,9,NA,NA,9,0,0,NA,NA,0,NA,NA,NA,NA,NA,4,4,NA,NA,4,NA,NA,NA,NA,NA,NA,NA,NA,NA,NA,1,1,NA,NA,1,NA,NA,NA,NA,NA,4,4,NA,NA,4,NA,NA,NA,NA,NA
M10 [Number of cases of Childhood Diseases (0-5 years)],10.8,Childhood Diseases - Acute Flaccid Paralysis(AFP),TOTAL,0,0,NA,NA,0,0,0,NA,NA,0,NA,NA,NA,NA,NA,0,0,NA,NA,0,NA,NA,NA,NA,NA,NA,NA,NA,NA,NA,0,0,NA,NA,0,NA,NA,NA,NA,NA,NA,NA,NA,NA,NA,NA,NA,NA,NA,NA
M10 [Number of cases of Childhood Diseases (0-5 years)],10.9,Childhood Diseases - Measles,TOTAL,6,6,NA,NA,6,0,0,NA,NA,0,4,4,NA,NA,4,0,0,NA,NA,0,NA,NA,NA,NA,NA,NA,NA,NA,NA,NA,0,0,NA,NA,0,2,2,NA,NA,2,NA,NA,NA,NA,NA,NA,NA,NA,NA,NA
M10 [Number of cases of Childhood Diseases (0-5 years)],10.1,Childhood Diseases - Malaria,TOTAL,230,230,NA,NA,230,18,18,NA,NA,18,3,3,NA,NA,3,2,2,NA,NA,2,1,1,NA,NA,1,16,16,NA,NA,16,0,0,NA,NA,0,11,11,NA,NA,11,174,174,NA,NA,174,5,5,NA,NA,5
M10 [Number of cases of Childhood Diseases (0-5 years)],10.11,Childhood Diseases - Diarrhoea,TOTAL,3621,3621,NA,NA,3621,289,289,NA,NA,289,537,537,NA,NA,537,84,84,NA,NA,84,217,217,NA,NA,217,548,548,NA,NA,548,650,650,NA,NA,650,153,153,NA,NA,153,896,896,NA,NA,896,247,247,NA,NA,247
M10 [Number of cases of Childhood Diseases (0-5 years)],10.12,Childhood Diseases - Diarrhoea treated in Inpatients,TOTAL,1135,1135,NA,NA,1135,0,0,NA,NA,0,5,5,NA,NA,5,NA,NA,NA,NA,NA,57,57,NA,NA,57,254,254,NA,NA,254,629,629,NA,NA,629,NA,NA,NA,NA,NA,190,190,NA,NA,190,NA,NA,NA,NA,NA
M10 [Number of cases of Childhood Diseases (0-5 years)],10.13,Children admitted with upper respiratory infections,TOTAL,2832,2832,NA,NA,2832,0,0,NA,NA,0,257,257,NA,NA,257,NA,NA,NA,NA,NA,27,27,NA,NA,27,566,566,NA,NA,566,1173,1173,NA,NA,1173,NA,NA,NA,NA,NA,629,629,NA,NA,629,180,180,NA,NA,180
M10 [Number of cases of Childhood Diseases (0-5 years)],10.14,Childhood Diseases - Severe Acute Malnutrition (SAM),TOTAL,0,0,NA,NA,0,0,0,NA,NA,0,NA,NA,NA,NA,NA,NA,NA,NA,NA,NA,NA,NA,NA,NA,NA,NA,NA,NA,NA,NA,NA,NA,NA,NA,NA,NA,NA,NA,NA,NA,NA,NA,NA,NA,NA,NA,NA,NA,NA,NA
M11 [NVBDCP],11.1.1.a,Total Blood Smears Examined for Malaria,TOTAL,27490,27490,NA,NA,27490,1715,1715,NA,NA,1715,609,609,NA,NA,609,703,703,NA,NA,703,4130,4130,NA,NA,4130,11130,11130,NA,NA,11130,655,655,NA,NA,655,2396,2396,NA,NA,2396,5416,5416,NA,NA,5416,736,736,NA,NA,736
M11 [NVBDCP],11.1.1.b,Malaria (Microscopy Tests ) - Plasmodium Vivax test positive,TOTAL,10,10,NA,NA,10,0,0,NA,NA,0,NA,NA,NA,NA,NA,NA,NA,NA,NA,NA,1,1,NA,NA,1,6,6,NA,NA,6,NA,NA,NA,NA,NA,NA,NA,NA,NA,NA,2,2,NA,NA,2,1,1,NA,NA,1
M11 [NVBDCP],11.1.1.c,Malaria (Microscopy Tests ) - Plasmodium Falciparum test positive,TOTAL,88,88,NA,NA,88,1,1,NA,NA,1,NA,NA,NA,NA,NA,4,4,NA,NA,4,7,7,NA,NA,7,69,69,NA,NA,69,1,1,NA,NA,1,NA,NA,NA,NA,NA,1,1,NA,NA,1,5,5,NA,NA,5
M11 [NVBDCP],11.1.2.a,RDT conducted for Malaria,TOTAL,79749,79749,NA,NA,79749,9285,9285,NA,NA,9285,9996,9996,NA,NA,9996,7226,7226,NA,NA,7226,13216,13216,NA,NA,13216,3710,3710,NA,NA,3710,10793,10793,NA,NA,10793,14502,14502,NA,NA,14502,5792,5792,NA,NA,5792,5229,5229,NA,NA,5229
M11 [NVBDCP],11.1.2.b,Malaria (RDT) - Plasmodium Vivax test positive,TOTAL,70,70,NA,NA,70,5,5,NA,NA,5,10,10,NA,NA,10,2,2,NA,NA,2,7,7,NA,NA,7,5,5,NA,NA,5,3,3,NA,NA,3,13,13,NA,NA,13,7,7,NA,NA,7,18,18,NA,NA,18
M11 [NVBDCP],11.1.2.c,Malaria (RDT) - Plamodium Falciparum test positive,TOTAL,263,263,NA,NA,263,36,36,NA,NA,36,19,19,NA,NA,19,1,1,NA,NA,1,8,8,NA,NA,8,86,86,NA,NA,86,4,4,NA,NA,4,86,86,NA,NA,86,5,5,NA,NA,5,18,18,NA,NA,18
M11 [NVBDCP],11.2.1,Kala Azar (RDT) - Tests Conducted,TOTAL,0,0,NA,NA,0,0,0,NA,NA,0,NA,NA,NA,NA,NA,NA,NA,NA,NA,NA,NA,NA,NA,NA,NA,NA,NA,NA,NA,NA,NA,NA,NA,NA,NA,NA,NA,NA,NA,NA,NA,NA,NA,NA,NA,NA,NA,NA,NA,NA
M11 [NVBDCP],11.2.2,Kala Azar Positive Cases,TOTAL,0,0,NA,NA,0,0,0,NA,NA,0,NA,NA,NA,NA,NA,NA,NA,NA,NA,NA,NA,NA,NA,NA,NA,NA,NA,NA,NA,NA,NA,NA,NA,NA,NA,NA,NA,NA,NA,NA,NA,NA,NA,NA,NA,NA,NA,NA,NA,NA
M11 [NVBDCP],11.2.3,Post-kala-azar dermal leishmaniasis (PKDL) cases,TOTAL,0,0,NA,NA,0,0,0,NA,NA,0,NA,NA,NA,NA,NA,NA,NA,NA,NA,NA,NA,NA,NA,NA,NA,NA,NA,NA,NA,NA,NA,NA,NA,NA,NA,NA,NA,NA,NA,NA,NA,NA,NA,NA,NA,NA,NA,NA,NA,NA
M11 [NVBDCP],11.3.1,Dengue - RDT Test Positive,TOTAL,0,0,NA,NA,0,0,0,NA,NA,0,NA,NA,NA,NA,NA,NA,NA,NA,NA,NA,NA,NA,NA,NA,NA,NA,NA,NA,NA,NA,NA,NA,NA,NA,NA,NA,NA,NA,NA,NA,NA,NA,NA,NA,NA,NA,NA,NA,NA,NA
M11 [NVBDCP],11.3.2,Dengue - Enzyme- Linked Immuno Sorbent Assay (ELISA) Test Positive,TOTAL,3,3,NA,NA,3,NA,NA,NA,NA,NA,NA,NA,NA,NA,NA,NA,NA,NA,NA,NA,NA,NA,NA,NA,NA,3,3,NA,NA,3,NA,NA,NA,NA,NA,NA,NA,NA,NA,NA,NA,NA,NA,NA,NA,NA,NA,NA,NA,NA
M11 [NVBDCP],11.4.1,Tests Conducted for JE,TOTAL,NA,NA,NA,NA,NA,NA,NA,NA,NA,NA,NA,NA,NA,NA,NA,NA,NA,NA,NA,NA,NA,NA,NA,NA,NA,NA,NA,NA,NA,NA,NA,NA,NA,NA,NA,NA,NA,NA,NA,NA,NA,NA,NA,NA,NA,NA,NA,NA,NA,NA
M11 [NVBDCP],11.4.2,Tests Positive for JE,TOTAL,NA,NA,NA,NA,NA,NA,NA,NA,NA,NA,NA,NA,NA,NA,NA,NA,NA,NA,NA,NA,NA,NA,NA,NA,NA,NA,NA,NA,NA,NA,NA,NA,NA,NA,NA,NA,NA,NA,NA,NA,NA,NA,NA,NA,NA,NA,NA,NA,NA,NA
M12 [Adolscent Health],12.1.1.a,Girls registered in AFHC,TOTAL,486,486,NA,NA,486,0,0,NA,NA,0,NA,NA,NA,NA,NA,NA,NA,NA,NA,NA,NA,NA,NA,NA,NA,486,486,NA,NA,486,NA,NA,NA,NA,NA,NA,NA,NA,NA,NA,NA,NA,NA,NA,NA,NA,NA,NA,NA,NA
M12 [Adolscent Health],12.1.1.b,Boys registered in AFHC,TOTAL,89,89,NA,NA,89,0,0,NA,NA,0,NA,NA,NA,NA,NA,NA,NA,NA,NA,NA,NA,NA,NA,NA,NA,89,89,NA,NA,89,NA,NA,NA,NA,NA,NA,NA,NA,NA,NA,NA,NA,NA,NA,NA,NA,NA,NA,NA,NA
M12 [Adolscent Health],12.1.2.a,"Out of registered, Girls received clinical services",TOTAL,311,311,NA,NA,311,0,0,NA,NA,0,NA,NA,NA,NA,NA,NA,NA,NA,NA,NA,NA,NA,NA,NA,NA,311,311,NA,NA,311,NA,NA,NA,NA,NA,NA,NA,NA,NA,NA,NA,NA,NA,NA,NA,NA,NA,NA,NA,NA
M12 [Adolscent Health],12.1.2.b,"Out of registered, Boys received clinical services",TOTAL,47,47,NA,NA,47,0,0,NA,NA,0,NA,NA,NA,NA,NA,NA,NA,NA,NA,NA,NA,NA,NA,NA,NA,47,47,NA,NA,47,NA,NA,NA,NA,NA,NA,NA,NA,NA,NA,NA,NA,NA,NA,NA,NA,NA,NA,NA,NA
M12 [Adolscent Health],12.1.3.a,"Out of registered, Girls received counselling",TOTAL,393,393,NA,NA,393,0,0,NA,NA,0,NA,NA,NA,NA,NA,NA,NA,NA,NA,NA,NA,NA,NA,NA,NA,393,393,NA,NA,393,NA,NA,NA,NA,NA,NA,NA,NA,NA,NA,NA,NA,NA,NA,NA,NA,NA,NA,NA,NA
M12 [Adolscent Health],12.1.3.b,"Out of registered, Boys received counselling",TOTAL,61,61,NA,NA,61,0,0,NA,NA,0,NA,NA,NA,NA,NA,NA,NA,NA,NA,NA,NA,NA,NA,NA,NA,61,61,NA,NA,61,NA,NA,NA,NA,NA,NA,NA,NA,NA,NA,NA,NA,NA,NA,NA,NA,NA,NA,NA,NA
"M13 [Directly Observed Treatment, Short-course (DOTS)]",13.1,Number of on-going DOTS patients registered,TOTAL,587,587,NA,NA,587,99,99,NA,NA,99,NA,NA,NA,NA,NA,34,34,NA,NA,34,87,87,NA,NA,87,224,224,NA,NA,224,49,49,NA,NA,49,26,26,NA,NA,26,68,68,NA,NA,68,NA,NA,NA,NA,NA
"M13 [Directly Observed Treatment, Short-course (DOTS)]",13.2,Number of DOTS cases completed successfully,TOTAL,396,396,NA,NA,396,61,61,NA,NA,61,NA,NA,NA,NA,NA,NA,NA,NA,NA,NA,44,44,NA,NA,44,212,212,NA,NA,212,35,35,NA,NA,35,NA,NA,NA,NA,NA,44,44,NA,NA,44,NA,NA,NA,NA,NA
M14 [Patient Services],14.1.1,Outpatient - Diabetes,TOTAL,12026,12026,NA,NA,12026,895,895,NA,NA,895,772,772,NA,NA,772,1614,1614,NA,NA,1614,830,830,NA,NA,830,3512,3512,NA,NA,3512,2064,2064,NA,NA,2064,687,687,NA,NA,687,881,881,NA,NA,881,771,771,NA,NA,771
M14 [Patient Services],14.1.2,Outpatient - Hypertension,TOTAL,25375,25375,NA,NA,25375,1591,1591,NA,NA,1591,3528,3528,NA,NA,3528,3126,3126,NA,NA,3126,1572,1572,NA,NA,1572,9679,9679,NA,NA,9679,2716,2716,NA,NA,2716,1086,1086,NA,NA,1086,980,980,NA,NA,980,1097,1097,NA,NA,1097
M14 [Patient Services],14.1.3,Outpatient - Stroke (Paralysis),TOTAL,67,67,NA,NA,67,15,15,NA,NA,15,NA,NA,NA,NA,NA,0,0,NA,NA,0,NA,NA,NA,NA,NA,32,32,NA,NA,32,2,2,NA,NA,2,18,18,NA,NA,18,NA,NA,NA,NA,NA,NA,NA,NA,NA,NA
M14 [Patient Services],14.1.4,Outpatient - Acute Heart Diseases,TOTAL,139,139,NA,NA,139,40,40,NA,NA,40,NA,NA,NA,NA,NA,4,4,NA,NA,4,1,1,NA,NA,1,85,85,NA,NA,85,2,2,NA,NA,2,4,4,NA,NA,4,NA,NA,NA,NA,NA,3,3,NA,NA,3
M14 [Patient Services],14.1.5,Outpatient - Mental illness,TOTAL,51,51,NA,NA,51,22,22,NA,NA,22,10,10,NA,NA,10,5,5,NA,NA,5,NA,NA,NA,NA,NA,2,2,NA,NA,2,12,12,NA,NA,12,NA,NA,NA,NA,NA,NA,NA,NA,NA,NA,NA,NA,NA,NA,NA
M14 [Patient Services],14.1.6,Outpatient - Epilepsy,TOTAL,68,68,NA,NA,68,32,32,NA,NA,32,1,1,NA,NA,1,0,0,NA,NA,0,NA,NA,NA,NA,NA,15,15,NA,NA,15,10,10,NA,NA,10,NA,NA,NA,NA,NA,10,10,NA,NA,10,NA,NA,NA,NA,NA
M14 [Patient Services],14.1.7,Outpatient - Ophthalmic Related,TOTAL,5631,5631,NA,NA,5631,705,705,NA,NA,705,467,467,NA,NA,467,634,634,NA,NA,634,346,346,NA,NA,346,921,921,NA,NA,921,233,233,NA,NA,233,1159,1159,NA,NA,1159,992,992,NA,NA,992,174,174,NA,NA,174
M14 [Patient Services],14.1.8,Outpatient - Dental,TOTAL,4620,4620,NA,NA,4620,202,202,NA,NA,202,518,518,NA,NA,518,224,224,NA,NA,224,328,328,NA,NA,328,1335,1335,NA,NA,1335,467,467,NA,NA,467,1318,1318,NA,NA,1318,102,102,NA,NA,102,126,126,NA,NA,126
M14 [Patient Services],14.1.9,Outpatient - Oncology,TOTAL,111,111,NA,NA,111,49,49,NA,NA,49,62,62,NA,NA,62,NA,NA,NA,NA,NA,NA,NA,NA,NA,NA,NA,NA,NA,NA,NA,NA,NA,NA,NA,NA,NA,NA,NA,NA,NA,NA,NA,NA,NA,NA,NA,NA,NA,NA,NA
M14 [Patient Services],14.2.1,Allopathic- Outpatient attendance,TOTAL,662052,650794,11258,NA,662052,51495,51495,NA,NA,51495,37263,37263,NA,NA,37263,38556,38556,NA,NA,38556,77282,77282,NA,NA,77282,272508,261250,11258,NA,272508,51593,51593,NA,NA,51593,46532,46532,NA,NA,46532,51341,51341,NA,NA,51341,35482,35482,NA,NA,35482
M14 [Patient Services],14.2.2,Ayush - Outpatient attendance,TOTAL,69598,69598,NA,NA,69598,13171,13171,NA,NA,13171,14359,14359,NA,NA,14359,9655,9655,NA,NA,9655,5952,5952,NA,NA,5952,NA,NA,NA,NA,NA,7228,7228,NA,NA,7228,8797,8797,NA,NA,8797,3638,3638,NA,NA,3638,6798,6798,NA,NA,6798
M14 [Patient Services],14.3.1.a,Inpatient (Male)- Children<18yrs,TOTAL,6005,5726,279,NA,6005,59,59,NA,NA,59,90,90,NA,NA,90,NA,NA,NA,NA,NA,171,171,NA,NA,171,4887,4608,279,NA,4887,330,330,NA,NA,330,250,250,NA,NA,250,179,179,NA,NA,179,39,39,NA,NA,39
M14 [Patient Services],14.3.1.b,Inpatient (Male)- Adults,TOTAL,11919,11542,377,NA,11919,267,267,NA,NA,267,219,219,NA,NA,219,NA,NA,NA,NA,NA,1118,1118,NA,NA,1118,9086,8709,377,NA,9086,731,731,NA,NA,731,280,280,NA,NA,280,156,156,NA,NA,156,62,62,NA,NA,62
M14 [Patient Services],14.3.2.a,Inpatient (Female)- Children<18yrs,TOTAL,5768,5455,313,NA,5768,87,87,NA,NA,87,106,106,NA,NA,106,NA,NA,NA,NA,NA,217,217,NA,NA,217,4705,4392,313,NA,4705,241,241,NA,NA,241,205,205,NA,NA,205,170,170,NA,NA,170,37,37,NA,NA,37
M14 [Patient Services],14.3.2.b,Inpatient (Female)- Adults,TOTAL,18950,17788,1162,NA,18950,1055,1055,NA,NA,1055,383,383,NA,NA,383,61,61,NA,NA,61,2200,2200,NA,NA,2200,12405,11243,1162,NA,12405,1163,1163,NA,NA,1163,733,733,NA,NA,733,811,811,NA,NA,811,139,139,NA,NA,139
M14 [Patient Services],14.3.3,Number of Left Against Medical Advice (LAMA) cases,TOTAL,1272,1272,NA,NA,1272,13,13,NA,NA,13,NA,NA,NA,NA,NA,NA,NA,NA,NA,NA,NA,NA,NA,NA,NA,941,941,NA,NA,941,NA,NA,NA,NA,NA,318,318,NA,NA,318,NA,NA,NA,NA,NA,NA,NA,NA,NA,NA
M14 [Patient Services],14.4.1,Inpatient - Malaria,TOTAL,170,170,NA,NA,170,3,3,NA,NA,3,1,1,NA,NA,1,NA,NA,NA,NA,NA,4,4,NA,NA,4,12,12,NA,NA,12,141,141,NA,NA,141,7,7,NA,NA,7,1,1,NA,NA,1,1,1,NA,NA,1
M14 [Patient Services],14.4.2,Inpatient - Dengue,TOTAL,5,5,NA,NA,5,0,0,NA,NA,0,NA,NA,NA,NA,NA,NA,NA,NA,NA,NA,NA,NA,NA,NA,NA,5,5,NA,NA,5,NA,NA,NA,NA,NA,NA,NA,NA,NA,NA,NA,NA,NA,NA,NA,NA,NA,NA,NA,NA
M14 [Patient Services],14.4.3,Inpatient - Typhoid,TOTAL,620,620,NA,NA,620,0,0,NA,NA,0,6,6,NA,NA,6,NA,NA,NA,NA,NA,69,69,NA,NA,69,288,288,NA,NA,288,221,221,NA,NA,221,14,14,NA,NA,14,NA,NA,NA,NA,NA,22,22,NA,NA,22
M14 [Patient Services],14.4.4,"Inpatient - Asthma, Chronic Obstructive Pulmonary Disease (COPD), Respiratory infections",TOTAL,2411,2411,NA,NA,2411,0,0,NA,NA,0,23,23,NA,NA,23,NA,NA,NA,NA,NA,3,3,NA,NA,3,1565,1565,NA,NA,1565,779,779,NA,NA,779,23,23,NA,NA,23,8,8,NA,NA,8,10,10,NA,NA,10
M14 [Patient Services],14.4.5,Inpatient - Tuberculosis,TOTAL,89,89,NA,NA,89,0,0,NA,NA,0,NA,NA,NA,NA,NA,NA,NA,NA,NA,NA,1,1,NA,NA,1,78,78,NA,NA,78,5,5,NA,NA,5,4,4,NA,NA,4,1,1,NA,NA,1,NA,NA,NA,NA,NA
M14 [Patient Services],14.4.6,Inpatient - Pyrexia of unknown origin (PUO),TOTAL,611,611,NA,NA,611,59,59,NA,NA,59,NA,NA,NA,NA,NA,NA,NA,NA,NA,NA,NA,NA,NA,NA,NA,479,479,NA,NA,479,NA,NA,NA,NA,NA,68,68,NA,NA,68,NA,NA,NA,NA,NA,5,5,NA,NA,5
M14 [Patient Services],14.4.7,Inpatient - Diarrhea with dehydration,TOTAL,2999,2999,NA,NA,2999,410,410,NA,NA,410,128,128,NA,NA,128,NA,NA,NA,NA,NA,518,518,NA,NA,518,702,702,NA,NA,702,964,964,NA,NA,964,163,163,NA,NA,163,111,111,NA,NA,111,3,3,NA,NA,3
M14 [Patient Services],14.4.8,Inpatient - Hepatitis,TOTAL,89,89,NA,NA,89,2,2,NA,NA,2,16,16,NA,NA,16,NA,NA,NA,NA,NA,NA,NA,NA,NA,NA,70,70,NA,NA,70,NA,NA,NA,NA,NA,1,1,NA,NA,1,NA,NA,NA,NA,NA,NA,NA,NA,NA,NA
M14 [Patient Services],14.5,Patients registered at Emergency Department,TOTAL,6519,6519,NA,NA,6519,16,16,NA,NA,16,548,548,NA,NA,548,NA,NA,NA,NA,NA,303,303,NA,NA,303,5241,5241,NA,NA,5241,266,266,NA,NA,266,135,135,NA,NA,135,NA,NA,NA,NA,NA,10,10,NA,NA,10
M14 [Patient Services],14.6.1,"Emergency - Trauma ( accident, injury, poisoning etc)",TOTAL,3086,3086,NA,NA,3086,15,15,NA,NA,15,535,535,NA,NA,535,NA,NA,NA,NA,NA,289,289,NA,NA,289,1947,1947,NA,NA,1947,222,222,NA,NA,222,69,69,NA,NA,69,NA,NA,NA,NA,NA,9,9,NA,NA,9
M14 [Patient Services],14.6.2,Emergency - Burn,TOTAL,95,95,NA,NA,95,NA,NA,NA,NA,NA,13,13,NA,NA,13,NA,NA,NA,NA,NA,25,25,NA,NA,25,29,29,NA,NA,29,25,25,NA,NA,25,2,2,NA,NA,2,NA,NA,NA,NA,NA,1,1,NA,NA,1
M14 [Patient Services],14.6.3,Emergency - Obstetrics complications,TOTAL,41,41,NA,NA,41,NA,NA,NA,NA,NA,NA,NA,NA,NA,NA,NA,NA,NA,NA,NA,NA,NA,NA,NA,NA,24,24,NA,NA,24,4,4,NA,NA,4,13,13,NA,NA,13,NA,NA,NA,NA,NA,NA,NA,NA,NA,NA
M14 [Patient Services],14.6.4,Emergency - Snake Bite,TOTAL,233,233,NA,NA,233,1,1,NA,NA,1,NA,NA,NA,NA,NA,NA,NA,NA,NA,NA,7,7,NA,NA,7,194,194,NA,NA,194,11,11,NA,NA,11,20,20,NA,NA,20,NA,NA,NA,NA,NA,NA,NA,NA,NA,NA
M14 [Patient Services],14.6.5,Emergency - Acute Caridiac Emergencies,TOTAL,62,62,NA,NA,62,NA,NA,NA,NA,NA,NA,NA,NA,NA,NA,NA,NA,NA,NA,NA,NA,NA,NA,NA,NA,57,57,NA,NA,57,1,1,NA,NA,1,4,4,NA,NA,4,NA,NA,NA,NA,NA,NA,NA,NA,NA,NA
M14 [Patient Services],14.6.7,Emergency - CVA ( Cerebovascular Disease),TOTAL,92,92,NA,NA,92,NA,NA,NA,NA,NA,NA,NA,NA,NA,NA,NA,NA,NA,NA,NA,NA,NA,NA,NA,NA,78,78,NA,NA,78,2,2,NA,NA,2,12,12,NA,NA,12,NA,NA,NA,NA,NA,NA,NA,NA,NA,NA
M14 [Patient Services],14.7,Number of deaths occurring at Emergency Department,TOTAL,17,17,NA,NA,17,NA,NA,NA,NA,NA,NA,NA,NA,NA,NA,NA,NA,NA,NA,NA,NA,NA,NA,NA,NA,2,2,NA,NA,2,NA,NA,NA,NA,NA,15,15,NA,NA,15,NA,NA,NA,NA,NA,NA,NA,NA,NA,NA
M14 [Patient Services],14.8.1,Operation major (General and spinal anaesthesia),TOTAL,630,317,313,NA,630,0,0,NA,NA,0,NA,NA,NA,NA,NA,NA,NA,NA,NA,NA,NA,NA,NA,NA,NA,630,317,313,NA,630,NA,NA,NA,NA,NA,NA,NA,NA,NA,NA,NA,NA,NA,NA,NA,NA,NA,NA,NA,NA
M14 [Patient Services],14.8.2,"Out of Operation major, Gynecology- Hysterectomy surgeries",TOTAL,11,11,NA,NA,11,0,0,NA,NA,0,NA,NA,NA,NA,NA,NA,NA,NA,NA,NA,NA,NA,NA,NA,NA,11,11,NA,NA,11,NA,NA,NA,NA,NA,NA,NA,NA,NA,NA,NA,NA,NA,NA,NA,NA,NA,NA,NA,NA
M14 [Patient Services],14.8.3,"Major Surgeries excluding Obstetrics, Gynaecology and Opthalmology etc.",TOTAL,15,15,NA,NA,15,NA,NA,NA,NA,NA,NA,NA,NA,NA,NA,NA,NA,NA,NA,NA,NA,NA,NA,NA,NA,15,15,NA,NA,15,NA,NA,NA,NA,NA,NA,NA,NA,NA,NA,NA,NA,NA,NA,NA,NA,NA,NA,NA,NA
M14 [Patient Services],14.8.4,Operation minor (No or local anaesthesia),TOTAL,14575,14194,381,NA,14575,605,605,NA,NA,605,1138,1138,NA,NA,1138,1934,1934,NA,NA,1934,782,782,NA,NA,782,7425,7044,381,NA,7425,1072,1072,NA,NA,1072,522,522,NA,NA,522,933,933,NA,NA,933,164,164,NA,NA,164
M14 [Patient Services],14.8.5,Number of post operative Surgical Site infection,TOTAL,NA,NA,NA,NA,NA,NA,NA,NA,NA,NA,NA,NA,NA,NA,NA,NA,NA,NA,NA,NA,NA,NA,NA,NA,NA,NA,NA,NA,NA,NA,NA,NA,NA,NA,NA,NA,NA,NA,NA,NA,NA,NA,NA,NA,NA,NA,NA,NA,NA,NA
M14 [Patient Services],14.8.6,Number of blood units issued,TOTAL,7596,7596,NA,NA,7596,0,0,NA,NA,0,NA,NA,NA,NA,NA,NA,NA,NA,NA,NA,NA,NA,NA,NA,NA,7596,7596,NA,NA,7596,NA,NA,NA,NA,NA,NA,NA,NA,NA,NA,NA,NA,NA,NA,NA,NA,NA,NA,NA,NA
M14 [Patient Services],14.8.7,Number of blood transfusions done,TOTAL,7900,7900,NA,NA,7900,0,0,NA,NA,0,NA,NA,NA,NA,NA,NA,NA,NA,NA,NA,NA,NA,NA,NA,NA,7900,7900,NA,NA,7900,NA,NA,NA,NA,NA,NA,NA,NA,NA,NA,NA,NA,NA,NA,NA,NA,NA,NA,NA,NA
M14 [Patient Services],14.9.1,Inpatient Deaths - Male,TOTAL,222,222,NA,NA,222,0,0,NA,NA,0,NA,NA,NA,NA,NA,NA,NA,NA,NA,NA,5,5,NA,NA,5,206,206,NA,NA,206,NA,NA,NA,NA,NA,11,11,NA,NA,11,NA,NA,NA,NA,NA,NA,NA,NA,NA,NA
M14 [Patient Services],14.9.2,Inpatient Deaths - Female,TOTAL,155,155,NA,NA,155,0,0,NA,NA,0,NA,NA,NA,NA,NA,NA,NA,NA,NA,NA,6,6,NA,NA,6,145,145,NA,NA,145,NA,NA,NA,NA,NA,4,4,NA,NA,4,NA,NA,NA,NA,NA,NA,NA,NA,NA,NA
M14 [Patient Services],14.1,In-Patient Head Count at midnight,TOTAL,59178,58982,196,NA,59178,407,407,NA,NA,407,480,480,NA,NA,480,58,58,NA,NA,58,898,898,NA,NA,898,54399,54203,196,NA,54399,888,888,NA,NA,888,1435,1435,NA,NA,1435,375,375,NA,NA,375,238,238,NA,NA,238
M14 [Patient Services],14.11,Number of Admission in NBSU ( New Born Stabilisation Unit),TOTAL,81,81,NA,NA,81,0,0,NA,NA,0,NA,NA,NA,NA,NA,NA,NA,NA,NA,NA,NA,NA,NA,NA,NA,81,81,NA,NA,81,NA,NA,NA,NA,NA,NA,NA,NA,NA,NA,NA,NA,NA,NA,NA,NA,NA,NA,NA,NA
M14 [Patient Services],14.12.1,Special Newborn Care Unit (SNCU Admissions) - Inborn Male,TOTAL,198,198,NA,NA,198,NA,NA,NA,NA,NA,NA,NA,NA,NA,NA,NA,NA,NA,NA,NA,NA,NA,NA,NA,NA,198,198,NA,NA,198,NA,NA,NA,NA,NA,NA,NA,NA,NA,NA,NA,NA,NA,NA,NA,NA,NA,NA,NA,NA
M14 [Patient Services],14.12.2,Special Newborn Care Unit (SNCU Admissions) - Inborn Female,TOTAL,137,137,NA,NA,137,NA,NA,NA,NA,NA,NA,NA,NA,NA,NA,NA,NA,NA,NA,NA,NA,NA,NA,NA,NA,137,137,NA,NA,137,NA,NA,NA,NA,NA,NA,NA,NA,NA,NA,NA,NA,NA,NA,NA,NA,NA,NA,NA,NA
M14 [Patient Services],14.12.3,Outborn – Male,TOTAL,249,249,NA,NA,249,NA,NA,NA,NA,NA,NA,NA,NA,NA,NA,NA,NA,NA,NA,NA,NA,NA,NA,NA,NA,249,249,NA,NA,249,NA,NA,NA,NA,NA,NA,NA,NA,NA,NA,NA,NA,NA,NA,NA,NA,NA,NA,NA,NA
M14 [Patient Services],14.12.4,Outborn - Female,TOTAL,201,201,NA,NA,201,NA,NA,NA,NA,NA,NA,NA,NA,NA,NA,NA,NA,NA,NA,NA,NA,NA,NA,NA,NA,201,201,NA,NA,201,NA,NA,NA,NA,NA,NA,NA,NA,NA,NA,NA,NA,NA,NA,NA,NA,NA,NA,NA,NA
M14 [Patient Services],14.12.5,Number of newborns admitted in SNCU - referred by ASHA,TOTAL,91,91,NA,NA,91,NA,NA,NA,NA,NA,NA,NA,NA,NA,NA,NA,NA,NA,NA,NA,NA,NA,NA,NA,NA,91,91,NA,NA,91,NA,NA,NA,NA,NA,NA,NA,NA,NA,NA,NA,NA,NA,NA,NA,NA,NA,NA,NA,NA
M14 [Patient Services],14.13,Number of deaths occurring at SNCU,TOTAL,97,97,NA,NA,97,NA,NA,NA,NA,NA,NA,NA,NA,NA,NA,NA,NA,NA,NA,NA,NA,NA,NA,NA,NA,97,97,NA,NA,97,NA,NA,NA,NA,NA,NA,NA,NA,NA,NA,NA,NA,NA,NA,NA,NA,NA,NA,NA,NA
M14 [Patient Services],14.14.1,Number of children admitted in NRC,TOTAL,128,128,NA,NA,128,0,0,NA,NA,0,NA,NA,NA,NA,NA,NA,NA,NA,NA,NA,NA,NA,NA,NA,NA,82,82,NA,NA,82,NA,NA,NA,NA,NA,46,46,NA,NA,46,NA,NA,NA,NA,NA,NA,NA,NA,NA,NA
M14 [Patient Services],14.14.2,Number of children discharged with target weight gain from the NRCs,TOTAL,110,110,NA,NA,110,0,0,NA,NA,0,NA,NA,NA,NA,NA,NA,NA,NA,NA,NA,NA,NA,NA,NA,NA,79,79,NA,NA,79,NA,NA,NA,NA,NA,31,31,NA,NA,31,NA,NA,NA,NA,NA,NA,NA,NA,NA,NA
M14 [Patient Services],14.15,Number of Rogi Kalyan Samiti (RKS) meetings held,TOTAL,55,55,NA,NA,55,14,14,NA,NA,14,9,9,NA,NA,9,8,8,NA,NA,8,4,4,NA,NA,4,4,4,NA,NA,4,5,5,NA,NA,5,3,3,NA,NA,3,2,2,NA,NA,2,6,6,NA,NA,6
M14 [Patient Services],14.16,Number of Anganwadi centres/ UPHCs reported to have conducted Village Health & Nutrition Day (VHNDs)/ Urban Health & Nutrition Day (UHNDs)/ Outreach / Special Outreach,TOTAL,6747,6747,NA,NA,6747,955,955,NA,NA,955,872,872,NA,NA,872,1094,1094,NA,NA,1094,991,991,NA,NA,991,NA,NA,NA,NA,NA,753,753,NA,NA,753,750,750,NA,NA,750,550,550,NA,NA,550,782,782,NA,NA,782
M14 [Patient Services],14.17,Stock out rate of essential Drugs,TOTAL,183,183,NA,NA,183,NA,NA,NA,NA,NA,NA,NA,NA,NA,NA,NA,NA,NA,NA,NA,NA,NA,NA,NA,NA,183,183,NA,NA,183,NA,NA,NA,NA,NA,NA,NA,NA,NA,NA,NA,NA,NA,NA,NA,NA,NA,NA,NA,NA
M14 [Patient Services],14.18,Blood Units Issued on replacement (Family Donors to be considered as replacement donations),TOTAL,850,850,NA,NA,850,NA,NA,NA,NA,NA,NA,NA,NA,NA,NA,NA,NA,NA,NA,NA,NA,NA,NA,NA,NA,850,850,NA,NA,850,NA,NA,NA,NA,NA,NA,NA,NA,NA,NA,NA,NA,NA,NA,NA,NA,NA,NA,NA,NA
M14 [Patient Services],14.19,Total number of blood units issued in year,TOTAL,5342,5342,NA,NA,5342,NA,NA,NA,NA,NA,NA,NA,NA,NA,NA,NA,NA,NA,NA,NA,NA,NA,NA,NA,NA,5342,5342,NA,NA,5342,NA,NA,NA,NA,NA,NA,NA,NA,NA,NA,NA,NA,NA,NA,NA,NA,NA,NA,NA,NA
M14 [Patient Services],14.2,Patient Satisfaction Score of the facility in percentage (from Mera Aspatal),TOTAL,67,67,NA,NA,67,NA,NA,NA,NA,NA,NA,NA,NA,NA,NA,NA,NA,NA,NA,NA,NA,NA,NA,NA,NA,67,67,NA,NA,67,NA,NA,NA,NA,NA,NA,NA,NA,NA,NA,NA,NA,NA,NA,NA,NA,NA,NA,NA,NA
M15 [Laboratory Testing],15.1,Number of Lab Tests done,TOTAL,156462,156462,NA,NA,156462,4311,4311,NA,NA,4311,2025,2025,NA,NA,2025,1184,1184,NA,NA,1184,16091,16091,NA,NA,16091,114216,114216,NA,NA,114216,3157,3157,NA,NA,3157,5928,5928,NA,NA,5928,5397,5397,NA,NA,5397,4153,4153,NA,NA,4153
M15 [Laboratory Testing],15.2.1,Number of Hb tests conducted,TOTAL,54033,54033,NA,NA,54033,3595,3595,NA,NA,3595,3686,3686,NA,NA,3686,3231,3231,NA,NA,3231,6681,6681,NA,NA,6681,21102,21102,NA,NA,21102,2825,2825,NA,NA,2825,5066,5066,NA,NA,5066,2938,2938,NA,NA,2938,4909,4909,NA,NA,4909
M15 [Laboratory Testing],15.2.2,"Out of the total number of Hb tests done, Number having Hb < 7 mg",TOTAL,3035,3035,NA,NA,3035,6,6,NA,NA,6,20,20,NA,NA,20,3,3,NA,NA,3,25,25,NA,NA,25,2889,2889,NA,NA,2889,22,22,NA,NA,22,23,23,NA,NA,23,14,14,NA,NA,14,33,33,NA,NA,33
M15 [Laboratory Testing],15.3.1.a,Male HIV - Number Tested,TOTAL,7950,7950,NA,NA,7950,10,10,NA,NA,10,NA,NA,NA,NA,NA,6,6,NA,NA,6,542,542,NA,NA,542,6026,6026,NA,NA,6026,409,409,NA,NA,409,NA,NA,NA,NA,NA,700,700,NA,NA,700,257,257,NA,NA,257
M15 [Laboratory Testing],15.3.1.b,Male HIV - Number Positive,TOTAL,35,35,NA,NA,35,0,0,NA,NA,0,NA,NA,NA,NA,NA,NA,NA,NA,NA,NA,1,1,NA,NA,1,34,34,NA,NA,34,NA,NA,NA,NA,NA,NA,NA,NA,NA,NA,NA,NA,NA,NA,NA,NA,NA,NA,NA,NA
M15 [Laboratory Testing],15.3.2.a,Female Non ANC HIV - Number Tested,TOTAL,1687,1687,NA,NA,1687,4,4,NA,NA,4,NA,NA,NA,NA,NA,132,132,NA,NA,132,11,11,NA,NA,11,1291,1291,NA,NA,1291,40,40,NA,NA,40,NA,NA,NA,NA,NA,177,177,NA,NA,177,32,32,NA,NA,32
M15 [Laboratory Testing],15.3.2.b,Female Non ANC HIV - Number Positive,TOTAL,18,18,NA,NA,18,0,0,NA,NA,0,NA,NA,NA,NA,NA,NA,NA,NA,NA,NA,NA,NA,NA,NA,NA,18,18,NA,NA,18,NA,NA,NA,NA,NA,NA,NA,NA,NA,NA,NA,NA,NA,NA,NA,NA,NA,NA,NA,NA
M15 [Laboratory Testing],15.3.3.a,Number of pregnant women screened for HIV,TOTAL,8097,8097,NA,NA,8097,773,773,NA,NA,773,92,92,NA,NA,92,126,126,NA,NA,126,1603,1603,NA,NA,1603,4465,4465,NA,NA,4465,437,437,NA,NA,437,NA,NA,NA,NA,NA,502,502,NA,NA,502,99,99,NA,NA,99
M15 [Laboratory Testing],15.3.3.b,"Out of the above, number screened positive",TOTAL,11,11,NA,NA,11,0,0,NA,NA,0,NA,NA,NA,NA,NA,0,0,NA,NA,0,2,2,NA,NA,2,8,8,NA,NA,8,1,1,NA,NA,1,NA,NA,NA,NA,NA,NA,NA,NA,NA,NA,NA,NA,NA,NA,NA
M15 [Laboratory Testing],15.3.3.c,"Out of the above number screened positive, number confirmed with HIV infection at Integrated Counselling and Testing Centre (ICTC)",TOTAL,2,2,NA,NA,2,0,0,NA,NA,0,NA,NA,NA,NA,NA,NA,NA,NA,NA,NA,1,1,NA,NA,1,1,1,NA,NA,1,NA,NA,NA,NA,NA,NA,NA,NA,NA,NA,NA,NA,NA,NA,NA,NA,NA,NA,NA,NA
M15 [Laboratory Testing],15.3.4.a,Number of Male STI/RTI attendees tested for syphilis,TOTAL,1544,1544,NA,NA,1544,2,2,NA,NA,2,NA,NA,NA,NA,NA,NA,NA,NA,NA,NA,NA,NA,NA,NA,NA,1426,1426,NA,NA,1426,NA,NA,NA,NA,NA,NA,NA,NA,NA,NA,NA,NA,NA,NA,NA,116,116,NA,NA,116
M15 [Laboratory Testing],15.3.4.b,Number of Male STI/RTI attendees found sero Positive for syphilis,TOTAL,4,4,NA,NA,4,0,0,NA,NA,0,NA,NA,NA,NA,NA,NA,NA,NA,NA,NA,NA,NA,NA,NA,NA,4,4,NA,NA,4,NA,NA,NA,NA,NA,NA,NA,NA,NA,NA,NA,NA,NA,NA,NA,NA,NA,NA,NA,NA
M15 [Laboratory Testing],15.3.4.c,Number of Female (Non ANC)STI/RTI attendees tested for syphilis,TOTAL,436,436,NA,NA,436,0,0,NA,NA,0,NA,NA,NA,NA,NA,NA,NA,NA,NA,NA,NA,NA,NA,NA,NA,436,436,NA,NA,436,NA,NA,NA,NA,NA,NA,NA,NA,NA,NA,NA,NA,NA,NA,NA,NA,NA,NA,NA,NA
M15 [Laboratory Testing],15.3.4.d,Number of Female (Non ANC) STI/RTI attendees found sero Positive for syphilis,TOTAL,0,0,NA,NA,0,0,0,NA,NA,0,NA,NA,NA,NA,NA,NA,NA,NA,NA,NA,NA,NA,NA,NA,NA,NA,NA,NA,NA,NA,NA,NA,NA,NA,NA,NA,NA,NA,NA,NA,NA,NA,NA,NA,NA,NA,NA,NA,NA,NA
M15 [Laboratory Testing],15.4.1,Widal tests - Number Tested,TOTAL,6701,6701,NA,NA,6701,95,95,NA,NA,95,NA,NA,NA,NA,NA,NA,NA,NA,NA,NA,1365,1365,NA,NA,1365,3571,3571,NA,NA,3571,20,20,NA,NA,20,348,348,NA,NA,348,NA,NA,NA,NA,NA,1302,1302,NA,NA,1302
M15 [Laboratory Testing],15.4.2,Widal tests - Number Positive,TOTAL,1450,1450,NA,NA,1450,0,0,NA,NA,0,NA,NA,NA,NA,NA,NA,NA,NA,NA,NA,110,110,NA,NA,110,879,879,NA,NA,879,5,5,NA,NA,5,77,77,NA,NA,77,NA,NA,NA,NA,NA,379,379,NA,NA,379
M15 [Laboratory Testing],15.5.1,Radiology - X-ray,TOTAL,6231,6231,NA,NA,6231,NA,NA,NA,NA,NA,NA,NA,NA,NA,NA,NA,NA,NA,NA,NA,NA,NA,NA,NA,NA,6231,6231,NA,NA,6231,NA,NA,NA,NA,NA,NA,NA,NA,NA,NA,NA,NA,NA,NA,NA,NA,NA,NA,NA,NA
M15 [Laboratory Testing],15.5.2,Radiology - Ultrasonography (USG),TOTAL,153,153,NA,NA,153,NA,NA,NA,NA,NA,NA,NA,NA,NA,NA,NA,NA,NA,NA,NA,NA,NA,NA,NA,NA,153,153,NA,NA,153,NA,NA,NA,NA,NA,NA,NA,NA,NA,NA,NA,NA,NA,NA,NA,NA,NA,NA,NA,NA
M16 [Details of deaths reported with probable causes:],16.1,Infant deaths within 24 hrs(1 to 23 Hrs) of birth,TOTAL,35,35,NA,NA,35,9,9,NA,NA,9,1,1,NA,NA,1,3,3,NA,NA,3,4,4,NA,NA,4,1,1,NA,NA,1,6,6,NA,NA,6,5,5,NA,NA,5,2,2,NA,NA,2,4,4,NA,NA,4
M16 [Details of deaths reported with probable causes:],16.2.1,Infant Deaths up to 4 weeks due to Sepsis,TOTAL,12,12,NA,NA,12,0,0,NA,NA,0,NA,NA,NA,NA,NA,3,3,NA,NA,3,1,1,NA,NA,1,8,8,NA,NA,8,0,0,NA,NA,0,NA,NA,NA,NA,NA,NA,NA,NA,NA,NA,NA,NA,NA,NA,NA
M16 [Details of deaths reported with probable causes:],16.2.2,Infant Deaths up to 4 weeks due to Asphyxia,TOTAL,45,45,NA,NA,45,1,1,NA,NA,1,1,1,NA,NA,1,2,2,NA,NA,2,2,2,NA,NA,2,37,37,NA,NA,37,0,0,NA,NA,0,NA,NA,NA,NA,NA,1,1,NA,NA,1,1,1,NA,NA,1
M16 [Details of deaths reported with probable causes:],16.2.3,Infant Deaths up to 4 weeks due to Other causes,TOTAL,105,105,NA,NA,105,13,13,NA,NA,13,6,6,NA,NA,6,6,6,NA,NA,6,10,10,NA,NA,10,38,38,NA,NA,38,6,6,NA,NA,6,10,10,NA,NA,10,13,13,NA,NA,13,3,3,NA,NA,3
M16 [Details of deaths reported with probable causes:],16.3.1,Number of Infant Deaths (1 -12 months) due to Pneumonia,TOTAL,10,10,NA,NA,10,0,0,NA,NA,0,1,1,NA,NA,1,0,0,NA,NA,0,2,2,NA,NA,2,4,4,NA,NA,4,0,0,NA,NA,0,1,1,NA,NA,1,2,2,NA,NA,2,NA,NA,NA,NA,NA
M16 [Details of deaths reported with probable causes:],16.3.2,Number of Infant Deaths (1 -12 months) due to Diarrhoea,TOTAL,0,0,NA,NA,0,0,0,NA,NA,0,NA,NA,NA,NA,NA,0,0,NA,NA,0,NA,NA,NA,NA,NA,NA,NA,NA,NA,NA,0,0,NA,NA,0,NA,NA,NA,NA,NA,NA,NA,NA,NA,NA,NA,NA,NA,NA,NA
M16 [Details of deaths reported with probable causes:],16.3.3,Number of Infant Deaths (1 -12 months) due to Fever related,TOTAL,2,2,NA,NA,2,0,0,NA,NA,0,NA,NA,NA,NA,NA,0,0,NA,NA,0,NA,NA,NA,NA,NA,1,1,NA,NA,1,1,1,NA,NA,1,NA,NA,NA,NA,NA,NA,NA,NA,NA,NA,NA,NA,NA,NA,NA
M16 [Details of deaths reported with probable causes:],16.3.4,Number of Infant Deaths (1 -12 months) due to Measles,TOTAL,0,0,NA,NA,0,0,0,NA,NA,0,NA,NA,NA,NA,NA,0,0,NA,NA,0,NA,NA,NA,NA,NA,NA,NA,NA,NA,NA,0,0,NA,NA,0,NA,NA,NA,NA,NA,NA,NA,NA,NA,NA,NA,NA,NA,NA,NA
M16 [Details of deaths reported with probable causes:],16.3.5,Number of Infant Deaths (1 -12 months) due to Others,TOTAL,41,41,NA,NA,41,2,2,NA,NA,2,6,6,NA,NA,6,6,6,NA,NA,6,6,6,NA,NA,6,6,6,NA,NA,6,7,7,NA,NA,7,5,5,NA,NA,5,1,1,NA,NA,1,2,2,NA,NA,2
M16 [Details of deaths reported with probable causes:],16.4.1,Number of Child Deaths (1 -5 years) due to Pneumonia,TOTAL,0,0,NA,NA,0,0,0,NA,NA,0,NA,NA,NA,NA,NA,0,0,NA,NA,0,NA,NA,NA,NA,NA,NA,NA,NA,NA,NA,0,0,NA,NA,0,NA,NA,NA,NA,NA,NA,NA,NA,NA,NA,NA,NA,NA,NA,NA
M16 [Details of deaths reported with probable causes:],16.4.2,Number of Child Deaths (1 -5 years) due to Diarrhoea,TOTAL,0,0,NA,NA,0,0,0,NA,NA,0,NA,NA,NA,NA,NA,0,0,NA,NA,0,NA,NA,NA,NA,NA,NA,NA,NA,NA,NA,0,0,NA,NA,0,NA,NA,NA,NA,NA,NA,NA,NA,NA,NA,NA,NA,NA,NA,NA
M16 [Details of deaths reported with probable causes:],16.4.3,Number of Child Deaths (1 -5 years) due to Fever related,TOTAL,1,1,NA,NA,1,0,0,NA,NA,0,NA,NA,NA,NA,NA,0,0,NA,NA,0,NA,NA,NA,NA,NA,1,1,NA,NA,1,0,0,NA,NA,0,NA,NA,NA,NA,NA,NA,NA,NA,NA,NA,NA,NA,NA,NA,NA
M16 [Details of deaths reported with probable causes:],16.4.4,Number of Child Deaths (1 -5 years) due to Measles,TOTAL,0,0,NA,NA,0,0,0,NA,NA,0,NA,NA,NA,NA,NA,0,0,NA,NA,0,NA,NA,NA,NA,NA,NA,NA,NA,NA,NA,0,0,NA,NA,0,NA,NA,NA,NA,NA,NA,NA,NA,NA,NA,NA,NA,NA,NA,NA
M16 [Details of deaths reported with probable causes:],16.4.5,Number of Child Deaths (1 -5 years) due to Others,TOTAL,31,31,NA,NA,31,3,3,NA,NA,3,2,2,NA,NA,2,3,3,NA,NA,3,5,5,NA,NA,5,4,4,NA,NA,4,2,2,NA,NA,2,6,6,NA,NA,6,3,3,NA,NA,3,3,3,NA,NA,3
M16 [Details of deaths reported with probable causes:],16.5.1,Number of Maternal Deaths due to Bleeding,TOTAL,3,3,NA,NA,3,1,1,NA,NA,1,NA,NA,NA,NA,NA,2,2,NA,NA,2,NA,NA,NA,NA,NA,NA,NA,NA,NA,NA,0,0,NA,NA,0,NA,NA,NA,NA,NA,NA,NA,NA,NA,NA,NA,NA,NA,NA,NA
M16 [Details of deaths reported with probable causes:],16.5.2,Number of Maternal Deaths due to High fever,TOTAL,0,0,NA,NA,0,0,0,NA,NA,0,NA,NA,NA,NA,NA,0,0,NA,NA,0,NA,NA,NA,NA,NA,NA,NA,NA,NA,NA,0,0,NA,NA,0,NA,NA,NA,NA,NA,NA,NA,NA,NA,NA,NA,NA,NA,NA,NA
M16 [Details of deaths reported with probable causes:],16.5.3,Number of Maternal Deaths due to Abortion,TOTAL,0,0,NA,NA,0,0,0,NA,NA,0,NA,NA,NA,NA,NA,0,0,NA,NA,0,NA,NA,NA,NA,NA,NA,NA,NA,NA,NA,0,0,NA,NA,0,NA,NA,NA,NA,NA,NA,NA,NA,NA,NA,NA,NA,NA,NA,NA
M16 [Details of deaths reported with probable causes:],16.5.4,Number of Maternal Deaths due to Obstructed/prolonged labour,TOTAL,1,1,NA,NA,1,0,0,NA,NA,0,NA,NA,NA,NA,NA,0,0,NA,NA,0,1,1,NA,NA,1,NA,NA,NA,NA,NA,0,0,NA,NA,0,NA,NA,NA,NA,NA,NA,NA,NA,NA,NA,NA,NA,NA,NA,NA
M16 [Details of deaths reported with probable causes:],16.5.5,Number of Maternal Deaths due to Severe hypertesnion/fits,TOTAL,0,0,NA,NA,0,0,0,NA,NA,0,NA,NA,NA,NA,NA,0,0,NA,NA,0,NA,NA,NA,NA,NA,NA,NA,NA,NA,NA,0,0,NA,NA,0,NA,NA,NA,NA,NA,NA,NA,NA,NA,NA,NA,NA,NA,NA,NA
M16 [Details of deaths reported with probable causes:],16.5.6,Number of Maternal Deaths due to Other Causes (including causes not known),TOTAL,10,10,NA,NA,10,3,3,NA,NA,3,3,3,NA,NA,3,1,1,NA,NA,1,1,1,NA,NA,1,NA,NA,NA,NA,NA,0,0,NA,NA,0,1,1,NA,NA,1,NA,NA,NA,NA,NA,1,1,NA,NA,1
M16 [Details of deaths reported with probable causes:],16.6,Total Facility Based Maternal Death Reviews (FBMDR) done,TOTAL,NA,NA,NA,NA,NA,NA,NA,NA,NA,NA,NA,NA,NA,NA,NA,NA,NA,NA,NA,NA,NA,NA,NA,NA,NA,NA,NA,NA,NA,NA,NA,NA,NA,NA,NA,NA,NA,NA,NA,NA,NA,NA,NA,NA,NA,NA,NA,NA,NA,NA
M16 [Details of deaths reported with probable causes:],16.7.1,Number of Adolscent / Adult deaths due to Diarrhoeal diseases,TOTAL,2,2,NA,NA,2,0,0,NA,NA,0,NA,NA,NA,NA,NA,0,0,NA,NA,0,NA,NA,NA,NA,NA,2,2,NA,NA,2,0,0,NA,NA,0,NA,NA,NA,NA,NA,NA,NA,NA,NA,NA,NA,NA,NA,NA,NA
M16 [Details of deaths reported with probable causes:],16.7.2,Number of Adolscent / Adult deaths due to Tuberculosis,TOTAL,35,35,NA,NA,35,2,2,NA,NA,2,1,1,NA,NA,1,3,3,NA,NA,3,1,1,NA,NA,1,20,20,NA,NA,20,0,0,NA,NA,0,6,6,NA,NA,6,1,1,NA,NA,1,1,1,NA,NA,1
M16 [Details of deaths reported with probable causes:],16.7.3,Number of Adolscent / Adult deaths due to Respiratory diseases including infections (other than TB),TOTAL,36,36,NA,NA,36,10,10,NA,NA,10,1,1,NA,NA,1,1,1,NA,NA,1,1,1,NA,NA,1,17,17,NA,NA,17,0,0,NA,NA,0,4,4,NA,NA,4,NA,NA,NA,NA,NA,2,2,NA,NA,2
M16 [Details of deaths reported with probable causes:],16.7.4,Number of Adolscent / Adult deaths due to Other Fever Related,TOTAL,19,19,NA,NA,19,0,0,NA,NA,0,3,3,NA,NA,3,1,1,NA,NA,1,NA,NA,NA,NA,NA,12,12,NA,NA,12,0,0,NA,NA,0,1,1,NA,NA,1,NA,NA,NA,NA,NA,2,2,NA,NA,2
M16 [Details of deaths reported with probable causes:],16.7.5,Number of Adolscent / Adult deaths due to HIV/AIDS,TOTAL,6,6,NA,NA,6,0,0,NA,NA,0,NA,NA,NA,NA,NA,0,0,NA,NA,0,NA,NA,NA,NA,NA,3,3,NA,NA,3,0,0,NA,NA,0,2,2,NA,NA,2,NA,NA,NA,NA,NA,1,1,NA,NA,1
M16 [Details of deaths reported with probable causes:],16.7.6,Number of Adolscent / Adult deaths due to Heart disease/Hypertension related,TOTAL,203,203,NA,NA,203,20,20,NA,NA,20,20,20,NA,NA,20,23,23,NA,NA,23,18,18,NA,NA,18,54,54,NA,NA,54,13,13,NA,NA,13,27,27,NA,NA,27,20,20,NA,NA,20,8,8,NA,NA,8
M16 [Details of deaths reported with probable causes:],16.7.7,Number of Adolscent / Adult deaths due to Cancer,TOTAL,63,63,NA,NA,63,8,8,NA,NA,8,3,3,NA,NA,3,11,11,NA,NA,11,11,11,NA,NA,11,4,4,NA,NA,4,5,5,NA,NA,5,3,3,NA,NA,3,10,10,NA,NA,10,8,8,NA,NA,8
M16 [Details of deaths reported with probable causes:],16.7.8,Number of Adolscent / Adult deaths due to Neurological disease including strokes,TOTAL,60,60,NA,NA,60,5,5,NA,NA,5,27,27,NA,NA,27,7,7,NA,NA,7,3,3,NA,NA,3,1,1,NA,NA,1,6,6,NA,NA,6,5,5,NA,NA,5,1,1,NA,NA,1,5,5,NA,NA,5
M16 [Details of deaths reported with probable causes:],16.7.9,Number of Adolscent / Adult deaths due to Accidents/Burn cases,TOTAL,81,81,NA,NA,81,4,4,NA,NA,4,8,8,NA,NA,8,8,8,NA,NA,8,10,10,NA,NA,10,13,13,NA,NA,13,12,12,NA,NA,12,12,12,NA,NA,12,7,7,NA,NA,7,7,7,NA,NA,7
M16 [Details of deaths reported with probable causes:],16.7.10,Number of Adolscent / Adult deaths due to Suicide,TOTAL,20,20,NA,NA,20,3,3,NA,NA,3,3,3,NA,NA,3,0,0,NA,NA,0,2,2,NA,NA,2,4,4,NA,NA,4,2,2,NA,NA,2,2,2,NA,NA,2,3,3,NA,NA,3,1,1,NA,NA,1
M16 [Details of deaths reported with probable causes:],16.7.11,Number of Adolscent / Adult deaths due to Animal bites and stings,TOTAL,23,23,NA,NA,23,1,1,NA,NA,1,2,2,NA,NA,2,3,3,NA,NA,3,2,2,NA,NA,2,3,3,NA,NA,3,6,6,NA,NA,6,2,2,NA,NA,2,2,2,NA,NA,2,2,2,NA,NA,2
M16 [Details of deaths reported with probable causes:],16.7.12,Number of Adolscent / Adult deaths due to Known Acute Disease,TOTAL,112,112,NA,NA,112,38,38,NA,NA,38,4,4,NA,NA,4,10,10,NA,NA,10,27,27,NA,NA,27,7,7,NA,NA,7,8,8,NA,NA,8,9,9,NA,NA,9,6,6,NA,NA,6,3,3,NA,NA,3
M16 [Details of deaths reported with probable causes:],16.7.13,Number of Adolscent / Adult deaths due to Known Chronic Disease,TOTAL,395,395,NA,NA,395,36,36,NA,NA,36,39,39,NA,NA,39,79,79,NA,NA,79,42,42,NA,NA,42,10,10,NA,NA,10,44,44,NA,NA,44,27,27,NA,NA,27,110,110,NA,NA,110,8,8,NA,NA,8
M16 [Details of deaths reported with probable causes:],16.7.14,Number of Adolscent / Adult deaths due to Causes not known,TOTAL,1769,1769,NA,NA,1769,274,274,NA,NA,274,140,140,NA,NA,140,246,246,NA,NA,246,342,342,NA,NA,342,16,16,NA,NA,16,217,217,NA,NA,217,241,241,NA,NA,241,122,122,NA,NA,122,171,171,NA,NA,171
M16 [Details of deaths reported with probable causes:],16.8.1,Number of Deaths due to Malaria- Plasmodium Vivax,TOTAL,0,0,NA,NA,0,0,0,NA,NA,0,NA,NA,NA,NA,NA,0,0,NA,NA,0,NA,NA,NA,NA,NA,NA,NA,NA,NA,NA,0,0,NA,NA,0,NA,NA,NA,NA,NA,NA,NA,NA,NA,NA,NA,NA,NA,NA,NA
M16 [Details of deaths reported with probable causes:],16.8.2,Number of Deaths due to Malaria- Plasmodium Falciparum,TOTAL,0,0,NA,NA,0,0,0,NA,NA,0,NA,NA,NA,NA,NA,0,0,NA,NA,0,NA,NA,NA,NA,NA,NA,NA,NA,NA,NA,0,0,NA,NA,0,NA,NA,NA,NA,NA,NA,NA,NA,NA,NA,NA,NA,NA,NA,NA
M16 [Details of deaths reported with probable causes:],16.8.3,Number of Deaths due to Kala Azar,TOTAL,0,0,NA,NA,0,0,0,NA,NA,0,NA,NA,NA,NA,NA,NA,NA,NA,NA,NA,NA,NA,NA,NA,NA,NA,NA,NA,NA,NA,NA,NA,NA,NA,NA,NA,NA,NA,NA,NA,NA,NA,NA,NA,NA,NA,NA,NA,NA,NA
M16 [Details of deaths reported with probable causes:],16.8.4,Number of Deaths due to Dengue,TOTAL,0,0,NA,NA,0,0,0,NA,NA,0,NA,NA,NA,NA,NA,NA,NA,NA,NA,NA,NA,NA,NA,NA,NA,NA,NA,NA,NA,NA,NA,NA,NA,NA,NA,NA,NA,NA,NA,NA,NA,NA,NA,NA,NA,NA,NA,NA,NA,NA
M16 [Details of deaths reported with probable causes:],16.8.5,Number of Deaths due to Acute Encephelitis Syndrome (AES),TOTAL,0,0,NA,NA,0,0,0,NA,NA,0,NA,NA,NA,NA,NA,NA,NA,NA,NA,NA,NA,NA,NA,NA,NA,NA,NA,NA,NA,NA,NA,NA,NA,NA,NA,NA,NA,NA,NA,NA,NA,NA,NA,NA,NA,NA,NA,NA,NA,NA
M16 [Details of deaths reported with probable causes:],16.8.6,Number of Deaths due to Japanese Encephalitis (JE),TOTAL,0,0,NA,NA,0,0,0,NA,NA,0,NA,NA,NA,NA,NA,NA,NA,NA,NA,NA,NA,NA,NA,NA,NA,NA,NA,NA,NA,NA,NA,NA,NA,NA,NA,NA,NA,NA,NA,NA,NA,NA,NA,NA,NA,NA,NA,NA,NA,NA
